flight_id,flight_date,airline_code,airline_name,airline_country,flight_number,origin_airport,destination_airport,distance_km,scheduled_departure,departure_time,departure_delay_minutes,arrival_time,arrival_delay_minutes,flight_duration_minutes,cancelled_flag,diverted_flag,temperature,rainfall,wind_speed,visibility,weather_condition
1,2025-11-24,EK,Emirates,United Arab Emirates,EK6973,CMB,DXB,3290,720,720.0,-7.0,1413.0,6.0,413.0,0,0,29.5,0.0,21.8,8.2,Cloudy
2,2025-04-23,MH,Malaysia Airlines,Malaysia,MH6301,CMB,LHR,8700,545,545.0,-6.0,2338.0,-8.0,1073.0,0,0,26.6,0.0,26.9,9.8,Clear
3,2025-02-10,BA,British Airways,United Kingdom,BA1269,BOM,CMB,1530,610,610.0,-3.0,942.0,13.0,212.0,0,0,21.4,0.0,16.1,5.6,Clear
4,2025-11-08,QR,Qatar Airways,Qatar,QR5255,LHR,DOH,5200,550,600.0,10.0,1650.0,24.0,650.0,0,0,21.4,5.0,13.0,9.7,Rain
5,2025-04-19,MH,Malaysia Airlines,Malaysia,MH2721,CMB,KUL,2450,430,437.0,7.0,957.0,16.0,320.0,0,0,18.8,29.9,7.7,4.7,Thunderstorm
6,2025-12-15,TK,Turkish Airlines,Türkiye,TK4415,CMB,DOH,3590,1250,1257.0,7.0,2035.0,-1.0,458.0,0,0,18.1,15.5,9.7,8.3,Thunderstorm
7,2025-09-14,QR,Qatar Airways,Qatar,QR5138,DOH,LHR,5200,2030,2113.0,43.0,754.0,54.0,641.0,0,0,19.8,0.0,19.7,6.2,Clear
8,2025-05-03,SL,SriLankan Airlines,Sri Lanka,SL3395,SIN,CMB,2750,210,225.0,15.0,830.0,31.0,365.0,0,0,32.9,0.9,33.9,8.5,Cloudy
9,2025-06-09,TK,Turkish Airlines,Türkiye,TK3999,BOM,CMB,1530,1650,1650.0,-3.0,2014.0,-9.0,204.0,0,0,31.8,0.0,32.2,4.4,Clear
10,2025-05-23,MH,Malaysia Airlines,Malaysia,MH5659,CMB,SIN,2750,450,455.0,5.0,1058.0,22.0,363.0,0,0,28.3,0.4,24.6,4.4,Cloudy
11,2025-02-25,SQ,Singapore Airlines,Singapore,SQ3972,CMB,SIN,2750,1750,1750.0,-5.0,2331.0,-5.0,341.0,0,0,18.2,0.0,21.2,4.6,Clear
12,2025-03-27,TK,Turkish Airlines,Türkiye,TK8073,LHR,DXB,5500,645,,,,,,1,0,30.5,0.0,26.9,8.0,Clear
13,2025-03-21,SQ,Singapore Airlines,Singapore,SQ2064,LHR,CMB,8700,100,114.0,14.0,1920.0,7.0,1086.0,0,0,28.8,14.5,22.9,5.4,Rain
14,2025-10-19,SQ,Singapore Airlines,Singapore,SQ252,DXB,CMB,3290,245,253.0,8.0,1008.0,16.0,435.0,0,0,32.9,0.3,18.7,9.6,Cloudy
15,2025-08-23,EK,Emirates,United Arab Emirates,EK5005,CMB,DOH,3590,630,631.0,1.0,1419.0,-5.0,468.0,0,0,18.1,0.0,24.6,8.9,Clear
16,2025-12-06,EK,Emirates,United Arab Emirates,EK4633,CMB,DEL,2400,310,330.0,20.0,831.0,20.0,301.0,0,0,18.8,0.0,32.2,7.8,Clear
17,2025-01-23,SL,SriLankan Airlines,Sri Lanka,SL785,CMB,BOM,1530,2030,2034.0,4.0,2338.0,13.0,184.0,0,0,26.8,0.0,16.1,6.6,Clear
18,2025-06-07,AI,Air India,India,AI3038,DXB,CMB,3290,620,621.0,1.0,1319.0,17.0,418.0,0,0,20.8,0.5,29.0,6.5,Windy
19,2025-06-20,TK,Turkish Airlines,Türkiye,TK4673,SIN,CMB,2750,510,510.0,-9.0,1056.0,-2.0,346.0,0,0,23.3,0.3,10.8,9.2,Cloudy
20,2025-06-29,TK,Turkish Airlines,Türkiye,TK3214,LHR,DOH,5200,10,37.0,27.0,1133.0,24.0,656.0,0,0,19.9,0.0,34.5,9.4,Clear
21,2025-05-11,SL,SriLankan Airlines,Sri Lanka,SL3243,KUL,CMB,2450,1620,1620.0,-8.0,2111.0,5.0,291.0,0,0,29.2,0.1,14.8,7.3,Cloudy
22,2025-08-04,TK,Turkish Airlines,Türkiye,TK2880,DEL,CMB,2400,1830,1830.0,-10.0,2354.0,-9.0,324.0,0,0,32.4,0.7,19.2,8.8,Cloudy
23,2025-12-04,EK,Emirates,United Arab Emirates,EK6391,LHR,CMB,8700,2140,2140.0,-3.0,1605.0,10.0,1105.0,0,0,32.2,0.0,18.7,7.5,Clear
24,2025-09-11,TK,Turkish Airlines,Türkiye,TK9257,SIN,CMB,2750,2000,2017.0,17.0,155.0,33.0,338.0,0,0,30.8,2.5,18.7,8.0,Windy
25,2025-11-01,AI,Air India,India,AI4781,DXB,LHR,5500,2345,24.0,39.0,1216.0,36.0,712.0,0,0,22.4,0.0,23.8,4.5,Clear
26,2025-05-01,BA,British Airways,United Kingdom,BA420,CMB,BOM,1530,1710,1710.0,-3.0,2026.0,1.0,196.0,0,0,32.5,0.0,17.6,7.5,Clear
27,2025-10-22,TK,Turkish Airlines,Türkiye,TK2804,LHR,DXB,5500,1130,1207.0,37.0,2320.0,46.0,673.0,0,0,28.9,0.2,15.1,6.4,Cloudy
28,2025-08-28,QR,Qatar Airways,Qatar,QR1441,LHR,DOH,5200,1200,1203.0,3.0,2239.0,-1.0,636.0,0,0,33.2,0.0,13.3,6.5,Clear
29,2025-08-29,SL,SriLankan Airlines,Sri Lanka,SL6143,LHR,DOH,5200,1120,1130.0,10.0,2208.0,3.0,638.0,0,0,21.5,0.0,21.9,8.2,Clear
30,2025-03-27,EK,Emirates,United Arab Emirates,EK9372,DEL,CMB,2400,300,335.0,35.0,839.0,39.0,304.0,0,0,30.9,0.8,25.5,8.8,Cloudy
31,2025-01-22,AI,Air India,India,AI8648,LHR,DOH,5200,2140,,,,,,1,0,20.4,0.0,18.8,5.1,Clear
32,2025-11-30,BA,British Airways,United Kingdom,BA3079,LHR,DOH,5200,1445,1513.0,28.0,218.0,30.0,665.0,0,0,18.5,0.0,16.4,9.1,Clear
33,2025-09-07,SQ,Singapore Airlines,Singapore,SQ382,BOM,CMB,1530,1030,,,,,,1,0,28.3,18.7,25.7,6.9,Thunderstorm
34,2025-02-17,BA,British Airways,United Kingdom,BA2058,SIN,CMB,2750,2220,2228.0,8.0,422.0,11.0,354.0,0,0,19.9,0.0,12.5,5.2,Clear
35,2025-10-02,QR,Qatar Airways,Qatar,QR9166,CMB,SIN,2750,2350,2358.0,8.0,540.0,24.0,342.0,0,0,22.4,0.0,21.0,9.8,Clear
36,2025-05-30,QR,Qatar Airways,Qatar,QR9321,LHR,DXB,5500,30,34.0,4.0,1153.0,6.0,679.0,0,0,18.9,16.8,23.9,4.9,Thunderstorm
37,2025-06-05,EK,Emirates,United Arab Emirates,EK3504,SIN,CMB,2750,1745,1754.0,9.0,2330.0,8.0,336.0,0,0,33.4,17.4,6.8,4.6,Thunderstorm
38,2025-11-17,SQ,Singapore Airlines,Singapore,SQ4434,CMB,LHR,8700,520,,,,,,1,0,25.3,0.6,26.1,8.1,Cloudy
39,2025-11-17,SQ,Singapore Airlines,Singapore,SQ4560,KUL,CMB,2450,1720,1720.0,-2.0,2218.0,16.0,298.0,0,0,22.9,12.7,19.1,6.4,Rain
40,2025-09-14,MH,Malaysia Airlines,Malaysia,MH2970,DXB,LHR,5500,1900,1931.0,31.0,649.0,42.0,678.0,0,0,22.3,3.0,25.2,4.2,Windy
41,2025-08-29,MH,Malaysia Airlines,Malaysia,MH701,CMB,LHR,8700,1845,1850.0,5.0,1254.0,-1.0,1084.0,0,0,24.4,0.0,24.9,8.6,Clear
42,2025-08-21,EK,Emirates,United Arab Emirates,EK4475,CMB,BOM,1530,1010,1147.0,97.0,1459.0,105.0,192.0,0,1,25.1,2.7,20.0,4.3,Rain
43,2025-10-09,QR,Qatar Airways,Qatar,QR2622,LHR,CMB,8700,2250,2300.0,10.0,1721.0,21.0,1101.0,0,0,33.2,0.0,8.4,7.9,Clear
44,2025-09-13,BA,British Airways,United Kingdom,BA8418,DOH,LHR,5200,1350,1507.0,77.0,159.0,83.0,652.0,0,0,24.6,27.0,28.7,9.6,Thunderstorm
45,2025-05-17,SL,SriLankan Airlines,Sri Lanka,SL6830,LHR,CMB,8700,1850,1929.0,39.0,1341.0,48.0,1092.0,0,0,24.1,14.1,12.2,9.1,Rain
46,2025-01-23,AI,Air India,India,AI2629,LHR,DXB,5500,1215,1215.0,-9.0,2352.0,-13.0,697.0,0,0,24.6,7.7,26.7,7.9,Rain
47,2025-02-08,MH,Malaysia Airlines,Malaysia,MH3827,CMB,LHR,8700,1945,1945.0,0.0,1359.0,13.0,1094.0,0,0,28.1,0.0,7.1,9.5,Clear
48,2025-02-16,TK,Turkish Airlines,Türkiye,TK6367,DOH,CMB,3590,2210,2210.0,-1.0,604.0,-9.0,474.0,0,0,20.7,0.0,28.8,4.5,Clear
49,2025-11-14,SQ,Singapore Airlines,Singapore,SQ7051,LHR,DXB,5500,420,420.0,-2.0,1610.0,4.0,710.0,0,1,27.4,10.8,15.4,7.8,Rain
50,2025-12-20,BA,British Airways,United Kingdom,BA903,DXB,LHR,5500,645,702.0,17.0,1834.0,16.0,692.0,0,0,31.8,0.0,5.2,8.7,Clear
51,2025-11-07,MH,Malaysia Airlines,Malaysia,MH6077,LHR,CMB,8700,1940,1940.0,-4.0,1347.0,7.0,1087.0,0,0,30.6,3.8,6.2,4.2,Rain
52,2025-03-09,EK,Emirates,United Arab Emirates,EK5649,LHR,CMB,8700,2345,2345.0,-6.0,1758.0,11.0,1093.0,0,0,30.9,0.9,19.5,8.5,Cloudy
53,2025-02-28,MH,Malaysia Airlines,Malaysia,MH1875,CMB,DOH,3590,745,1013.0,148.0,1736.0,157.0,443.0,0,0,31.2,0.0,22.5,9.6,Clear
54,2025-12-12,SQ,Singapore Airlines,Singapore,SQ8907,LHR,DXB,5500,1940,2005.0,25.0,719.0,37.0,674.0,0,0,25.9,11.1,14.1,4.6,Thunderstorm
55,2025-03-11,TK,Turkish Airlines,Türkiye,TK6118,DXB,LHR,5500,2145,2145.0,-6.0,921.0,-1.0,696.0,0,0,21.8,0.9,18.3,6.2,Cloudy
56,2025-10-06,AI,Air India,India,AI3494,DXB,CMB,3290,820,1004.0,104.0,1705.0,98.0,421.0,0,0,19.1,0.0,21.9,8.6,Cloudy
57,2025-10-28,SQ,Singapore Airlines,Singapore,SQ2176,SIN,CMB,2750,400,400.0,-6.0,950.0,-10.0,350.0,0,0,18.3,0.0,22.7,5.6,Clear
58,2025-08-04,EK,Emirates,United Arab Emirates,EK6680,CMB,DOH,3590,1440,1440.0,-7.0,2224.0,-1.0,464.0,0,0,19.0,0.0,33.9,6.9,Clear
59,2025-08-07,EK,Emirates,United Arab Emirates,EK1974,LHR,DXB,5500,210,210.0,-6.0,1351.0,-12.0,701.0,0,0,24.9,0.7,20.2,8.8,Cloudy
60,2025-12-02,SQ,Singapore Airlines,Singapore,SQ1682,KUL,CMB,2450,745,749.0,4.0,1308.0,8.0,319.0,0,0,31.3,0.0,7.0,4.6,Clear
61,2025-07-10,QR,Qatar Airways,Qatar,QR8000,LHR,DOH,5200,1840,1843.0,3.0,521.0,6.0,638.0,0,0,26.1,0.0,8.1,4.9,Clear
62,2025-04-25,EK,Emirates,United Arab Emirates,EK4577,BOM,CMB,1530,1110,1135.0,25.0,1506.0,42.0,211.0,0,0,29.1,10.8,24.7,4.2,Rain
63,2025-12-26,BA,British Airways,United Kingdom,BA9399,CMB,BOM,1530,15,51.0,36.0,409.0,30.0,198.0,0,0,29.5,0.0,16.1,8.7,Clear
64,2025-11-02,EK,Emirates,United Arab Emirates,EK5153,DXB,CMB,3290,500,500.0,-2.0,1145.0,4.0,405.0,0,0,28.9,0.0,13.5,6.9,Clear
65,2025-01-24,SQ,Singapore Airlines,Singapore,SQ5902,CMB,KUL,2450,100,100.0,-4.0,629.0,12.0,329.0,0,0,26.0,0.0,26.1,9.0,Clear
66,2025-02-06,TK,Turkish Airlines,Türkiye,TK6028,DXB,CMB,3290,50,121.0,31.0,824.0,41.0,423.0,0,0,25.4,0.3,33.4,8.1,Cloudy
67,2025-02-15,TK,Turkish Airlines,Türkiye,TK2519,DOH,CMB,3590,1345,1347.0,2.0,2116.0,3.0,449.0,0,0,23.6,10.2,28.3,9.7,Rain
68,2025-05-01,EK,Emirates,United Arab Emirates,EK5279,CMB,DEL,2400,615,625.0,10.0,1126.0,4.0,301.0,0,0,28.2,0.8,21.9,7.7,Cloudy
69,2025-03-19,MH,Malaysia Airlines,Malaysia,MH7681,CMB,DOH,3590,1430,1444.0,14.0,2228.0,17.0,464.0,0,0,27.8,0.1,30.7,7.0,Cloudy
70,2025-10-25,SL,SriLankan Airlines,Sri Lanka,SL7299,DXB,LHR,5500,2020,2025.0,5.0,814.0,13.0,709.0,0,0,22.0,0.0,10.2,6.6,Clear
71,2025-09-26,QR,Qatar Airways,Qatar,QR2563,BOM,CMB,1530,945,945.0,0.0,1304.0,13.0,199.0,0,0,28.5,0.1,26.7,9.4,Cloudy
72,2025-06-20,EK,Emirates,United Arab Emirates,EK8431,CMB,DEL,2400,945,945.0,-8.0,1452.0,-7.0,307.0,0,0,19.5,0.0,32.4,8.0,Clear
73,2025-07-05,SL,SriLankan Airlines,Sri Lanka,SL2247,BOM,CMB,1530,520,525.0,5.0,840.0,3.0,195.0,0,0,18.6,0.0,31.5,6.0,Clear
74,2025-11-02,TK,Turkish Airlines,Türkiye,TK3278,CMB,DEL,2400,515,528.0,13.0,1023.0,18.0,295.0,0,0,33.4,0.7,12.2,8.7,Windy
75,2025-07-08,MH,Malaysia Airlines,Malaysia,MH2726,DXB,LHR,5500,1245,1515.0,150.0,246.0,148.0,691.0,0,0,31.6,0.0,30.4,5.7,Clear
76,2025-05-20,MH,Malaysia Airlines,Malaysia,MH5593,DOH,LHR,5200,1310,1424.0,74.0,108.0,92.0,644.0,0,0,18.5,0.0,16.2,9.6,Clear
77,2025-03-16,QR,Qatar Airways,Qatar,QR2096,DXB,CMB,3290,1515,1556.0,41.0,2250.0,47.0,414.0,0,0,30.4,0.0,17.7,5.4,Clear
78,2025-01-25,SQ,Singapore Airlines,Singapore,SQ8676,KUL,CMB,2450,1950,1955.0,5.0,126.0,16.0,331.0,0,0,21.0,0.7,22.1,8.0,Cloudy
79,2025-07-04,EK,Emirates,United Arab Emirates,EK5547,DOH,LHR,5200,1600,1605.0,5.0,314.0,-2.0,669.0,0,0,30.3,0.0,23.8,8.4,Clear
80,2025-03-10,SL,SriLankan Airlines,Sri Lanka,SL5180,BOM,CMB,1530,1015,1055.0,40.0,1425.0,54.0,210.0,0,0,32.2,0.0,28.7,5.9,Clear
81,2025-09-21,TK,Turkish Airlines,Türkiye,TK3160,LHR,DOH,5200,800,823.0,23.0,1928.0,24.0,665.0,0,0,32.3,3.6,27.3,6.3,Rain
82,2025-09-12,MH,Malaysia Airlines,Malaysia,MH5859,BOM,CMB,1530,810,826.0,16.0,1155.0,21.0,209.0,0,0,24.8,0.3,23.1,8.1,Cloudy
83,2025-08-17,SL,SriLankan Airlines,Sri Lanka,SL3966,BOM,CMB,1530,1330,1330.0,-9.0,1705.0,-15.0,215.0,0,0,25.0,0.7,25.3,4.8,Cloudy
84,2025-11-27,AI,Air India,India,AI6440,BOM,CMB,1530,1800,1804.0,4.0,2124.0,7.0,200.0,0,0,29.8,0.5,8.4,7.0,Cloudy
85,2025-10-15,EK,Emirates,United Arab Emirates,EK5336,CMB,LHR,8700,2250,2259.0,9.0,1708.0,10.0,1089.0,0,0,31.0,0.0,34.9,9.8,Clear
86,2025-12-08,AI,Air India,India,AI9476,CMB,DOH,3590,1730,1751.0,21.0,140.0,35.0,469.0,0,0,25.9,0.0,12.1,6.2,Clear
87,2025-07-08,MH,Malaysia Airlines,Malaysia,MH9132,LHR,DOH,5200,1910,1912.0,2.0,555.0,16.0,643.0,0,0,28.9,3.0,18.5,6.1,Rain
88,2025-11-24,QR,Qatar Airways,Qatar,QR4596,CMB,DEL,2400,1600,1644.0,44.0,2156.0,40.0,312.0,0,0,21.1,19.4,7.4,9.7,Thunderstorm
89,2025-03-06,BA,British Airways,United Kingdom,BA4436,LHR,DOH,5200,1615,1623.0,8.0,303.0,4.0,640.0,0,0,33.2,8.9,7.4,8.6,Thunderstorm
90,2025-11-30,SQ,Singapore Airlines,Singapore,SQ3442,KUL,CMB,2450,2000,2010.0,10.0,140.0,19.0,330.0,0,0,25.0,0.8,6.8,6.9,Cloudy
91,2025-06-24,QR,Qatar Airways,Qatar,QR4167,CMB,BOM,1530,2340,42.0,62.0,358.0,78.0,196.0,0,0,24.1,0.0,13.7,7.7,Clear
92,2025-03-23,AI,Air India,India,AI7810,CMB,BOM,1530,550,735.0,105.0,1043.0,112.0,188.0,0,0,22.5,0.0,6.5,7.6,Clear
93,2025-05-27,SL,SriLankan Airlines,Sri Lanka,SL2046,DOH,CMB,3590,430,506.0,36.0,1247.0,39.0,461.0,0,0,31.2,0.4,21.5,7.7,Cloudy
94,2025-03-07,EK,Emirates,United Arab Emirates,EK5318,CMB,KUL,2450,1040,1103.0,23.0,1617.0,34.0,314.0,0,0,26.2,0.0,23.2,6.0,Clear
95,2025-03-25,TK,Turkish Airlines,Türkiye,TK9577,LHR,CMB,8700,1050,1050.0,-1.0,520.0,6.0,1110.0,0,0,18.4,1.0,25.6,6.8,Cloudy
96,2025-10-23,SQ,Singapore Airlines,Singapore,SQ6823,DXB,CMB,3290,1515,1524.0,9.0,2237.0,25.0,433.0,0,0,20.4,0.0,14.4,8.1,Cloudy
97,2025-09-14,MH,Malaysia Airlines,Malaysia,MH8032,DXB,CMB,3290,1620,1625.0,5.0,2309.0,13.0,404.0,0,0,30.9,0.5,25.4,5.6,Cloudy
98,2025-04-09,SQ,Singapore Airlines,Singapore,SQ6320,CMB,LHR,8700,920,1044.0,84.0,512.0,100.0,1108.0,0,0,19.9,6.5,13.2,8.1,Rain
99,2025-07-22,AI,Air India,India,AI4020,CMB,DEL,2400,130,226.0,56.0,729.0,59.0,303.0,0,0,19.7,12.8,13.1,8.4,Rain
100,2025-05-05,SL,SriLankan Airlines,Sri Lanka,SL3367,DOH,LHR,5200,2020,2023.0,3.0,712.0,5.0,649.0,0,0,32.1,9.2,33.1,6.9,Rain
101,2025-05-28,AI,Air India,India,AI713,LHR,CMB,8700,220,220.0,-9.0,2016.0,-12.0,1076.0,0,0,32.0,25.3,27.5,5.7,Thunderstorm
102,2025-01-05,BA,British Airways,United Kingdom,BA5623,DOH,CMB,3590,950,1145.0,115.0,1920.0,123.0,455.0,0,0,22.1,4.5,18.8,5.1,Rain
103,2025-06-01,SQ,Singapore Airlines,Singapore,SQ5047,DEL,CMB,2400,2045,2128.0,43.0,252.0,45.0,324.0,0,0,30.1,0.0,12.1,9.7,Clear
104,2025-10-26,SL,SriLankan Airlines,Sri Lanka,SL3690,CMB,LHR,8700,2220,2220.0,-7.0,1636.0,-1.0,1096.0,0,0,22.7,0.9,32.5,7.7,Cloudy
105,2025-03-10,MH,Malaysia Airlines,Malaysia,MH9343,CMB,DEL,2400,2340,2347.0,7.0,501.0,14.0,314.0,0,0,26.5,10.8,20.8,6.2,Rain
106,2025-02-27,SL,SriLankan Airlines,Sri Lanka,SL7675,LHR,DOH,5200,615,621.0,6.0,1728.0,12.0,667.0,0,0,25.3,0.1,20.4,4.3,Cloudy
107,2025-12-11,BA,British Airways,United Kingdom,BA6987,CMB,DXB,3290,800,815.0,15.0,1516.0,8.0,421.0,0,0,20.9,0.1,13.6,4.8,Cloudy
108,2025-07-11,TK,Turkish Airlines,Türkiye,TK9020,DXB,LHR,5500,1210,1217.0,7.0,2354.0,3.0,697.0,0,0,18.4,0.0,5.1,5.8,Clear
109,2025-08-06,TK,Turkish Airlines,Türkiye,TK897,SIN,CMB,2750,1440,1440.0,-4.0,2024.0,11.0,344.0,0,0,27.5,0.6,7.0,6.7,Cloudy
110,2025-05-06,SL,SriLankan Airlines,Sri Lanka,SL8640,CMB,KUL,2450,720,734.0,14.0,1253.0,10.0,319.0,0,0,22.8,6.1,14.6,4.9,Rain
111,2025-04-24,TK,Turkish Airlines,Türkiye,TK7858,LHR,CMB,8700,115,118.0,3.0,1928.0,12.0,1090.0,0,0,24.0,15.0,9.5,8.5,Thunderstorm
112,2025-05-04,SQ,Singapore Airlines,Singapore,SQ6279,LHR,CMB,8700,1400,1403.0,3.0,805.0,12.0,1082.0,0,0,31.3,0.0,21.1,4.3,Clear
113,2025-12-11,SL,SriLankan Airlines,Sri Lanka,SL4021,CMB,DOH,3590,1820,1820.0,0.0,146.0,1.0,446.0,0,0,27.7,30.0,12.3,5.2,Thunderstorm
114,2025-10-10,AI,Air India,India,AI2490,LHR,CMB,8700,1440,1441.0,1.0,858.0,9.0,1097.0,0,0,18.7,11.9,14.4,9.2,Rain
115,2025-01-09,BA,British Airways,United Kingdom,BA7650,LHR,DOH,5200,1845,1845.0,-4.0,557.0,-2.0,672.0,0,0,29.6,0.0,19.7,8.4,Clear
116,2025-03-28,AI,Air India,India,AI2574,DEL,CMB,2400,2350,2357.0,7.0,450.0,19.0,293.0,0,0,28.1,12.6,9.1,4.4,Rain
117,2025-01-05,SQ,Singapore Airlines,Singapore,SQ7154,DOH,LHR,5200,1100,1109.0,9.0,2213.0,16.0,664.0,0,0,26.0,0.4,13.6,8.2,Cloudy
118,2025-04-02,EK,Emirates,United Arab Emirates,EK619,DOH,CMB,3590,420,426.0,6.0,1213.0,6.0,467.0,0,0,28.9,0.0,11.8,9.1,Clear
119,2025-02-17,TK,Turkish Airlines,Türkiye,TK9386,CMB,KUL,2450,1750,1750.0,-10.0,2305.0,4.0,315.0,0,0,18.7,0.0,20.8,5.3,Clear
120,2025-09-01,BA,British Airways,United Kingdom,BA6475,DXB,CMB,3290,2130,2143.0,13.0,423.0,10.0,400.0,0,0,20.6,1.2,7.3,5.4,Windy
121,2025-12-13,AI,Air India,India,AI7481,CMB,KUL,2450,2210,2211.0,1.0,310.0,-6.0,299.0,0,0,28.1,0.0,14.8,8.7,Clear
122,2025-09-09,SQ,Singapore Airlines,Singapore,SQ6009,BOM,CMB,1530,1245,1253.0,8.0,1624.0,21.0,211.0,0,0,20.5,0.0,28.5,6.3,Clear
123,2025-02-24,EK,Emirates,United Arab Emirates,EK302,CMB,DXB,3290,1440,1457.0,17.0,2152.0,13.0,415.0,0,0,30.6,0.5,22.9,9.2,Cloudy
124,2025-05-30,TK,Turkish Airlines,Türkiye,TK4140,CMB,KUL,2450,2320,2320.0,-5.0,416.0,8.0,296.0,0,0,19.2,0.0,19.5,5.5,Clear
125,2025-11-17,MH,Malaysia Airlines,Malaysia,MH3390,CMB,SIN,2750,315,317.0,2.0,915.0,4.0,358.0,0,0,22.8,7.6,22.8,7.6,Rain
126,2025-09-03,AI,Air India,India,AI540,DEL,CMB,2400,1030,1112.0,42.0,1622.0,52.0,310.0,0,0,20.9,0.0,34.9,8.6,Clear
127,2025-08-25,SQ,Singapore Airlines,Singapore,SQ8400,DXB,LHR,5500,2210,2247.0,37.0,1018.0,50.0,691.0,0,0,25.7,0.0,34.7,6.4,Clear
128,2025-12-21,TK,Turkish Airlines,Türkiye,TK1715,LHR,DOH,5200,1110,1110.0,-3.0,2147.0,10.0,637.0,0,0,30.7,0.6,14.9,4.6,Cloudy
129,2025-05-13,SQ,Singapore Airlines,Singapore,SQ2421,DOH,LHR,5200,1720,1722.0,2.0,430.0,8.0,668.0,0,0,19.9,0.3,33.9,9.6,Cloudy
130,2025-06-28,BA,British Airways,United Kingdom,BA4096,CMB,BOM,1530,650,650.0,-7.0,1015.0,-1.0,205.0,0,0,30.8,0.0,8.3,9.6,Clear
131,2025-09-22,QR,Qatar Airways,Qatar,QR3471,LHR,DOH,5200,1045,1200.0,75.0,2245.0,92.0,645.0,0,0,24.2,0.4,22.8,8.2,Cloudy
132,2025-05-23,EK,Emirates,United Arab Emirates,EK4973,DOH,CMB,3590,540,544.0,4.0,1332.0,-1.0,468.0,0,0,31.5,0.6,15.4,7.7,Cloudy
133,2025-11-11,EK,Emirates,United Arab Emirates,EK9191,CMB,DEL,2400,320,320.0,-5.0,825.0,-2.0,305.0,0,0,28.3,0.0,25.8,10.0,Clear
134,2025-03-27,MH,Malaysia Airlines,Malaysia,MH2840,LHR,CMB,8700,540,554.0,14.0,2355.0,17.0,1081.0,0,0,29.4,0.0,19.8,6.7,Clear
135,2025-02-12,SL,SriLankan Airlines,Sri Lanka,SL781,SIN,CMB,2750,130,130.0,-1.0,717.0,-4.0,347.0,0,0,33.9,8.6,21.3,7.3,Rain
136,2025-08-14,SQ,Singapore Airlines,Singapore,SQ7115,KUL,CMB,2450,2320,2320.0,-9.0,417.0,-3.0,297.0,0,0,29.0,0.0,27.1,9.2,Clear
137,2025-03-26,QR,Qatar Airways,Qatar,QR6843,CMB,SIN,2750,140,149.0,9.0,731.0,18.0,342.0,0,0,20.2,0.0,29.5,8.5,Clear
138,2025-01-31,BA,British Airways,United Kingdom,BA4658,CMB,DEL,2400,715,715.0,-3.0,1208.0,13.0,293.0,0,0,30.3,0.0,28.8,6.4,Clear
139,2025-12-22,AI,Air India,India,AI4746,DXB,LHR,5500,1000,1016.0,16.0,2200.0,31.0,704.0,0,0,25.9,0.9,29.7,5.9,Cloudy
140,2025-06-22,QR,Qatar Airways,Qatar,QR5045,LHR,DXB,5500,2100,2110.0,10.0,844.0,27.0,694.0,0,0,32.6,29.8,34.9,9.3,Thunderstorm
141,2025-03-23,BA,British Airways,United Kingdom,BA8610,CMB,DOH,3590,810,820.0,10.0,1557.0,7.0,457.0,0,0,19.2,7.6,11.4,7.6,Rain
142,2025-12-15,MH,Malaysia Airlines,Malaysia,MH2281,CMB,DXB,3290,2240,2318.0,38.0,554.0,52.0,396.0,0,0,30.4,0.0,9.1,8.5,Clear
143,2025-11-25,QR,Qatar Airways,Qatar,QR6391,CMB,DOH,3590,1800,1800.0,-5.0,147.0,1.0,467.0,0,0,20.2,10.0,31.9,4.7,Rain
144,2025-06-29,TK,Turkish Airlines,Türkiye,TK6518,CMB,BOM,1530,730,730.0,-3.0,1034.0,6.0,184.0,0,0,27.7,0.0,11.2,5.1,Clear
145,2025-06-01,SL,SriLankan Airlines,Sri Lanka,SL7817,SIN,CMB,2750,1210,1220.0,10.0,1820.0,21.0,360.0,0,0,26.7,0.0,17.6,5.0,Clear
146,2025-02-07,SL,SriLankan Airlines,Sri Lanka,SL1394,CMB,DOH,3590,820,820.0,-9.0,1534.0,8.0,434.0,0,0,20.4,7.5,21.1,4.5,Rain
147,2025-09-19,SQ,Singapore Airlines,Singapore,SQ2977,CMB,DEL,2400,1045,1055.0,10.0,1614.0,23.0,319.0,0,0,27.8,0.0,8.5,4.3,Clear
148,2025-03-03,SL,SriLankan Airlines,Sri Lanka,SL4556,CMB,DEL,2400,550,742.0,112.0,1227.0,120.0,285.0,0,0,18.5,0.0,28.1,8.8,Clear
149,2025-09-26,EK,Emirates,United Arab Emirates,EK301,CMB,LHR,8700,2010,2016.0,6.0,1445.0,9.0,1109.0,0,0,29.9,0.0,8.5,4.0,Clear
150,2025-05-06,SL,SriLankan Airlines,Sri Lanka,SL962,LHR,DXB,5500,1215,1215.0,-9.0,2351.0,0.0,696.0,0,0,27.1,0.2,29.8,4.7,Cloudy
151,2025-04-02,SQ,Singapore Airlines,Singapore,SQ8183,DOH,LHR,5200,1210,1239.0,29.0,2316.0,45.0,637.0,0,0,25.4,0.0,23.7,7.6,Cloudy
152,2025-04-11,SQ,Singapore Airlines,Singapore,SQ8161,CMB,DEL,2400,1300,1301.0,1.0,1746.0,13.0,285.0,0,0,26.5,2.2,8.1,5.4,Windy
153,2025-01-31,QR,Qatar Airways,Qatar,QR2241,CMB,LHR,8700,120,204.0,44.0,2002.0,49.0,1078.0,0,0,27.1,2.5,7.2,6.6,Windy
154,2025-05-02,BA,British Airways,United Kingdom,BA3501,CMB,LHR,8700,1240,1240.0,-2.0,653.0,-3.0,1093.0,0,0,26.6,4.0,17.2,9.8,Rain
155,2025-08-20,BA,British Airways,United Kingdom,BA2948,DXB,LHR,5500,310,310.0,-1.0,1439.0,17.0,689.0,0,0,18.8,0.0,16.9,5.8,Clear
156,2025-01-16,TK,Turkish Airlines,Türkiye,TK9702,DXB,LHR,5500,2320,2320.0,-7.0,1108.0,10.0,708.0,0,0,33.0,0.0,25.6,4.5,Clear
157,2025-05-13,EK,Emirates,United Arab Emirates,EK5899,CMB,DXB,3290,650,706.0,16.0,1346.0,34.0,400.0,0,0,24.1,17.5,19.9,6.6,Thunderstorm
158,2025-04-20,QR,Qatar Airways,Qatar,QR9007,CMB,LHR,8700,1415,1424.0,9.0,834.0,20.0,1090.0,0,0,32.2,0.0,11.0,7.2,Clear
159,2025-01-10,TK,Turkish Airlines,Türkiye,TK9668,BOM,CMB,1530,1750,1758.0,8.0,2124.0,16.0,206.0,0,0,25.5,0.0,29.3,6.1,Clear
160,2025-04-30,QR,Qatar Airways,Qatar,QR5978,DOH,CMB,3590,2120,2120.0,-9.0,449.0,7.0,449.0,0,0,27.5,6.6,10.3,8.8,Rain
161,2025-10-30,SL,SriLankan Airlines,Sri Lanka,SL3400,BOM,CMB,1530,1815,1815.0,-4.0,2147.0,14.0,212.0,0,0,26.4,0.3,11.6,4.0,Cloudy
162,2025-03-08,AI,Air India,India,AI7257,DEL,CMB,2400,100,100.0,-6.0,605.0,10.0,305.0,0,0,23.2,0.0,15.1,9.9,Clear
163,2025-11-24,MH,Malaysia Airlines,Malaysia,MH630,CMB,BOM,1530,2240,2248.0,8.0,155.0,26.0,187.0,0,0,33.9,0.1,16.7,9.8,Cloudy
164,2025-04-04,AI,Air India,India,AI4445,SIN,CMB,2750,1810,1830.0,20.0,39.0,22.0,369.0,0,0,32.2,2.1,24.2,6.7,Windy
165,2025-04-18,SQ,Singapore Airlines,Singapore,SQ3795,CMB,DOH,3590,810,824.0,14.0,1600.0,18.0,456.0,0,0,30.6,0.0,29.9,7.5,Clear
166,2025-03-25,MH,Malaysia Airlines,Malaysia,MH7166,CMB,DOH,3590,900,900.0,-7.0,1616.0,-13.0,436.0,0,0,32.3,0.0,34.6,8.2,Clear
167,2025-12-01,QR,Qatar Airways,Qatar,QR6011,KUL,CMB,2450,110,110.0,-4.0,611.0,1.0,301.0,0,0,31.4,5.7,22.2,4.9,Rain
168,2025-01-02,TK,Turkish Airlines,Türkiye,TK3129,CMB,DOH,3590,2150,2150.0,-10.0,522.0,-12.0,452.0,0,0,19.5,0.0,24.8,7.3,Clear
169,2025-07-09,TK,Turkish Airlines,Türkiye,TK9170,BOM,CMB,1530,1400,1404.0,4.0,1711.0,4.0,187.0,0,0,33.5,0.0,21.2,7.5,Clear
170,2025-02-01,TK,Turkish Airlines,Türkiye,TK7457,DOH,LHR,5200,1750,1750.0,-3.0,451.0,4.0,661.0,0,0,20.4,9.4,34.5,9.7,Rain
171,2025-03-30,QR,Qatar Airways,Qatar,QR4625,CMB,SIN,2750,400,403.0,3.0,944.0,1.0,341.0,0,0,24.4,13.8,16.6,6.0,Rain
172,2025-09-24,MH,Malaysia Airlines,Malaysia,MH4427,CMB,DXB,3290,1845,1845.0,-6.0,200.0,-10.0,435.0,0,0,32.1,2.4,31.0,9.3,Windy
173,2025-07-16,MH,Malaysia Airlines,Malaysia,MH5065,LHR,DXB,5500,530,539.0,9.0,1654.0,20.0,675.0,0,0,24.0,0.0,13.1,6.0,Clear
174,2025-06-09,BA,British Airways,United Kingdom,BA1020,LHR,DXB,5500,715,719.0,4.0,1838.0,20.0,679.0,0,0,30.2,0.0,27.2,9.2,Clear
175,2025-09-21,QR,Qatar Airways,Qatar,QR8375,CMB,DOH,3590,2245,2251.0,6.0,624.0,16.0,453.0,0,0,22.4,5.2,26.1,8.9,Rain
176,2025-07-23,EK,Emirates,United Arab Emirates,EK3611,CMB,DXB,3290,1150,1150.0,-5.0,1841.0,2.0,411.0,0,0,20.6,0.0,16.6,7.4,Clear
177,2025-04-24,SQ,Singapore Airlines,Singapore,SQ6268,CMB,SIN,2750,2045,2045.0,-10.0,231.0,-3.0,346.0,0,0,28.3,0.0,34.0,6.5,Cloudy
178,2025-06-28,MH,Malaysia Airlines,Malaysia,MH5609,CMB,LHR,8700,1430,1439.0,9.0,845.0,13.0,1086.0,0,1,29.0,1.8,13.5,6.9,Windy
179,2025-05-22,AI,Air India,India,AI6957,CMB,LHR,8700,2030,2036.0,6.0,1445.0,22.0,1089.0,0,0,26.0,7.3,5.8,5.8,Rain
180,2025-07-27,TK,Turkish Airlines,Türkiye,TK2196,DXB,CMB,3290,2220,2220.0,-3.0,533.0,10.0,433.0,0,0,20.9,26.6,31.3,4.6,Thunderstorm
181,2025-05-13,QR,Qatar Airways,Qatar,QR3287,CMB,BOM,1530,740,740.0,-1.0,1041.0,4.0,181.0,0,0,33.1,0.0,22.5,4.4,Clear
182,2025-09-14,EK,Emirates,United Arab Emirates,EK2997,CMB,KUL,2450,945,945.0,-6.0,1509.0,-10.0,324.0,0,0,19.3,2.6,10.4,6.0,Windy
183,2025-06-10,SL,SriLankan Airlines,Sri Lanka,SL3367,CMB,DXB,3290,820,841.0,21.0,1545.0,31.0,424.0,0,0,24.1,10.0,34.0,4.2,Rain
184,2025-07-11,SL,SriLankan Airlines,Sri Lanka,SL8624,CMB,BOM,1530,600,610.0,10.0,939.0,25.0,209.0,0,0,22.8,0.0,29.7,5.7,Clear
185,2025-11-02,AI,Air India,India,AI712,KUL,CMB,2450,1050,1050.0,-4.0,1549.0,-7.0,299.0,0,0,20.7,0.0,22.7,6.2,Clear
186,2025-07-12,BA,British Airways,United Kingdom,BA5033,LHR,DOH,5200,100,,,,,,1,0,29.1,0.4,9.6,7.8,Cloudy
187,2025-08-04,EK,Emirates,United Arab Emirates,EK4939,DOH,LHR,5200,1915,1915.0,-7.0,607.0,1.0,652.0,0,0,21.2,0.0,20.7,8.2,Clear
188,2025-03-24,SL,SriLankan Airlines,Sri Lanka,SL3887,LHR,DOH,5200,650,650.0,-10.0,1756.0,-18.0,666.0,0,0,19.6,3.9,26.7,5.5,Rain
189,2025-08-22,BA,British Airways,United Kingdom,BA7271,CMB,LHR,8700,110,123.0,13.0,1945.0,14.0,1102.0,0,0,28.4,0.0,9.2,6.0,Clear
190,2025-11-15,BA,British Airways,United Kingdom,BA2711,CMB,DOH,3590,1015,1017.0,2.0,1754.0,8.0,457.0,0,0,18.9,10.4,25.9,9.7,Rain
191,2025-02-23,TK,Turkish Airlines,Türkiye,TK4386,LHR,DXB,5500,2150,2152.0,2.0,941.0,18.0,709.0,0,0,24.6,0.8,8.4,4.3,Cloudy
192,2025-12-02,AI,Air India,India,AI994,CMB,DXB,3290,2320,131.0,131.0,840.0,133.0,429.0,0,0,20.4,0.4,24.2,9.0,Cloudy
193,2025-01-06,QR,Qatar Airways,Qatar,QR8266,DOH,LHR,5200,1515,1520.0,5.0,225.0,7.0,665.0,0,0,30.8,0.0,18.8,6.7,Clear
194,2025-08-17,AI,Air India,India,AI6053,DOH,CMB,3590,2300,2303.0,3.0,648.0,-4.0,465.0,0,1,28.7,0.0,11.2,9.7,Clear
195,2025-01-28,SQ,Singapore Airlines,Singapore,SQ2789,DXB,LHR,5500,1750,1751.0,1.0,525.0,15.0,694.0,0,0,24.0,0.0,21.4,4.6,Cloudy
196,2025-09-10,QR,Qatar Airways,Qatar,QR9755,KUL,CMB,2450,820,822.0,2.0,1319.0,0.0,297.0,0,0,30.4,7.4,22.7,6.7,Rain
197,2025-09-16,QR,Qatar Airways,Qatar,QR5373,LHR,DXB,5500,1600,1603.0,3.0,316.0,21.0,673.0,0,0,28.5,11.0,8.1,7.6,Rain
198,2025-09-16,TK,Turkish Airlines,Türkiye,TK3660,KUL,CMB,2450,2220,2220.0,0.0,349.0,1.0,329.0,0,0,29.4,0.0,30.8,9.6,Clear
199,2025-04-13,SQ,Singapore Airlines,Singapore,SQ8847,LHR,CMB,8700,2115,2324.0,129.0,1739.0,126.0,1095.0,0,0,24.7,0.0,25.0,8.5,Clear
200,2025-05-27,TK,Turkish Airlines,Türkiye,TK5976,CMB,DXB,3290,300,300.0,-9.0,1009.0,4.0,429.0,0,0,21.3,10.9,28.5,7.2,Rain
201,2025-08-20,EK,Emirates,United Arab Emirates,EK7359,LHR,DOH,5200,2345,2345.0,-1.0,1034.0,13.0,649.0,0,0,22.0,0.0,5.4,7.7,Clear
202,2025-04-26,AI,Air India,India,AI7740,LHR,DOH,5200,620,620.0,-5.0,1733.0,8.0,673.0,0,0,31.5,2.5,9.8,4.0,Rain
203,2025-12-30,QR,Qatar Airways,Qatar,QR6709,DXB,CMB,3290,1000,1030.0,30.0,1715.0,37.0,405.0,0,0,20.5,0.0,28.6,7.3,Clear
204,2025-02-17,AI,Air India,India,AI4094,SIN,CMB,2750,2140,2140.0,-1.0,322.0,-3.0,342.0,0,0,21.8,0.6,15.4,7.9,Cloudy
205,2025-01-21,AI,Air India,India,AI2842,CMB,KUL,2450,1230,1230.0,-1.0,1728.0,-9.0,298.0,0,0,26.2,0.0,10.8,9.7,Clear
206,2025-10-03,SL,SriLankan Airlines,Sri Lanka,SL5534,CMB,DOH,3590,2120,2158.0,38.0,525.0,56.0,447.0,0,0,20.5,12.1,27.4,6.8,Rain
207,2025-01-20,EK,Emirates,United Arab Emirates,EK9694,CMB,DOH,3590,530,538.0,8.0,1255.0,26.0,437.0,0,0,28.3,0.0,21.0,7.7,Clear
208,2025-01-24,EK,Emirates,United Arab Emirates,EK9041,BOM,CMB,1530,330,400.0,30.0,728.0,41.0,208.0,0,0,24.3,0.0,9.1,8.8,Clear
209,2025-06-01,QR,Qatar Airways,Qatar,QR2737,LHR,CMB,8700,15,15.0,-10.0,1831.0,0.0,1096.0,0,0,28.3,27.9,17.4,7.1,Thunderstorm
210,2025-04-05,SQ,Singapore Airlines,Singapore,SQ5520,CMB,LHR,8700,315,323.0,8.0,2128.0,1.0,1085.0,0,0,29.6,0.2,7.9,6.9,Windy
211,2025-07-02,QR,Qatar Airways,Qatar,QR3729,SIN,CMB,2750,910,941.0,31.0,1516.0,38.0,335.0,0,0,18.1,0.0,17.8,5.5,Clear
212,2025-12-31,TK,Turkish Airlines,Türkiye,TK1352,CMB,LHR,8700,440,520.0,40.0,2336.0,46.0,1096.0,0,0,26.6,0.2,9.2,5.6,Cloudy
213,2025-02-08,SL,SriLankan Airlines,Sri Lanka,SL7713,DOH,LHR,5200,45,109.0,24.0,1224.0,17.0,675.0,0,0,29.7,0.7,28.2,5.7,Windy
214,2025-09-14,EK,Emirates,United Arab Emirates,EK3685,CMB,KUL,2450,1600,1609.0,9.0,2123.0,22.0,314.0,0,0,25.7,0.0,27.1,6.2,Clear
215,2025-09-07,SQ,Singapore Airlines,Singapore,SQ4414,CMB,DOH,3590,1120,1120.0,-4.0,1850.0,4.0,450.0,0,0,26.3,0.5,26.1,9.0,Cloudy
216,2025-10-24,QR,Qatar Airways,Qatar,QR4700,CMB,KUL,2450,1110,1112.0,2.0,1627.0,1.0,315.0,0,0,20.6,8.3,9.2,4.5,Rain
217,2025-04-19,QR,Qatar Airways,Qatar,QR2307,DEL,CMB,2400,1110,1113.0,3.0,1608.0,20.0,295.0,0,0,20.0,0.5,12.3,7.6,Cloudy
218,2025-11-19,SL,SriLankan Airlines,Sri Lanka,SL2894,CMB,DEL,2400,530,614.0,44.0,1102.0,48.0,288.0,0,0,33.9,0.0,18.5,9.2,Clear
219,2025-04-23,TK,Turkish Airlines,Türkiye,TK3006,CMB,DEL,2400,530,530.0,0.0,1052.0,6.0,322.0,0,0,31.2,0.0,25.5,7.6,Clear
220,2025-09-01,SL,SriLankan Airlines,Sri Lanka,SL7999,LHR,DOH,5200,310,310.0,-6.0,1417.0,5.0,667.0,0,1,24.9,17.3,25.9,9.6,Thunderstorm
221,2025-07-15,AI,Air India,India,AI5275,DOH,CMB,3590,430,430.0,-3.0,1211.0,-9.0,461.0,0,0,18.1,0.0,8.5,7.9,Clear
222,2025-07-29,AI,Air India,India,AI5124,DOH,CMB,3590,1330,1337.0,7.0,2100.0,12.0,443.0,0,0,26.9,1.7,10.4,6.9,Windy
223,2025-10-23,AI,Air India,India,AI186,CMB,KUL,2450,2110,2149.0,39.0,248.0,56.0,299.0,0,0,20.6,0.0,26.2,9.8,Clear
224,2025-02-16,QR,Qatar Airways,Qatar,QR8199,LHR,DXB,5500,1310,1310.0,-3.0,101.0,0.0,711.0,0,0,33.1,0.0,22.9,8.9,Clear
225,2025-08-13,SL,SriLankan Airlines,Sri Lanka,SL6574,CMB,SIN,2750,920,929.0,9.0,1531.0,17.0,362.0,0,0,30.5,0.0,34.9,6.1,Clear
226,2025-07-27,SQ,Singapore Airlines,Singapore,SQ6770,DOH,LHR,5200,2310,2339.0,29.0,1014.0,44.0,635.0,0,0,27.2,0.0,32.9,5.6,Clear
227,2025-09-17,EK,Emirates,United Arab Emirates,EK7617,LHR,DOH,5200,1630,1630.0,-7.0,309.0,10.0,639.0,0,0,21.9,0.8,19.5,6.0,Cloudy
228,2025-12-15,MH,Malaysia Airlines,Malaysia,MH5703,CMB,DXB,3290,330,340.0,10.0,1046.0,27.0,426.0,0,0,22.0,0.0,30.0,4.6,Clear
229,2025-02-08,QR,Qatar Airways,Qatar,QR5933,LHR,DXB,5500,1120,1148.0,28.0,2321.0,25.0,693.0,0,0,21.2,24.2,11.2,5.5,Thunderstorm
230,2025-03-21,EK,Emirates,United Arab Emirates,EK6618,DOH,CMB,3590,2150,2157.0,7.0,516.0,0.0,439.0,0,0,30.2,0.0,10.5,7.1,Clear
231,2025-04-24,QR,Qatar Airways,Qatar,QR1750,DXB,CMB,3290,1350,1403.0,13.0,2112.0,21.0,429.0,0,0,28.8,3.6,5.3,6.3,Rain
232,2025-06-16,AI,Air India,India,AI3844,CMB,LHR,8700,1730,1735.0,5.0,1139.0,16.0,1084.0,0,0,27.1,0.0,18.5,9.9,Clear
233,2025-02-21,BA,British Airways,United Kingdom,BA9403,SIN,CMB,2750,1345,1345.0,-6.0,1949.0,1.0,364.0,0,0,22.8,1.0,28.6,7.4,Cloudy
234,2025-01-25,TK,Turkish Airlines,Türkiye,TK3359,DOH,CMB,3590,120,201.0,41.0,925.0,59.0,444.0,0,0,19.9,0.0,5.6,9.2,Clear
235,2025-10-23,QR,Qatar Airways,Qatar,QR1268,LHR,CMB,8700,1050,1129.0,39.0,544.0,33.0,1095.0,0,0,27.1,0.1,23.9,9.1,Cloudy
236,2025-02-10,QR,Qatar Airways,Qatar,QR3944,CMB,BOM,1530,1040,1040.0,-2.0,1350.0,9.0,190.0,0,0,20.9,0.0,17.4,4.1,Clear
237,2025-12-05,BA,British Airways,United Kingdom,BA4153,CMB,DOH,3590,545,545.0,-8.0,1312.0,-1.0,447.0,0,0,32.2,0.0,24.6,5.9,Clear
238,2025-05-26,MH,Malaysia Airlines,Malaysia,MH9340,CMB,DEL,2400,1615,1616.0,1.0,2109.0,3.0,293.0,0,0,27.5,9.1,21.2,6.7,Rain
239,2025-08-11,BA,British Airways,United Kingdom,BA7916,BOM,CMB,1530,1720,1759.0,39.0,2125.0,40.0,206.0,0,0,18.1,0.0,19.1,9.5,Clear
240,2025-06-03,SL,SriLankan Airlines,Sri Lanka,SL4554,KUL,CMB,2450,1920,1954.0,34.0,103.0,32.0,309.0,0,0,24.8,0.0,12.9,5.4,Clear
241,2025-05-26,BA,British Airways,United Kingdom,BA2148,KUL,CMB,2450,215,215.0,-7.0,718.0,5.0,303.0,0,0,33.6,6.2,5.7,5.7,Rain
242,2025-08-13,SL,SriLankan Airlines,Sri Lanka,SL1269,SIN,CMB,2750,400,400.0,0.0,934.0,5.0,334.0,0,0,18.9,2.5,33.5,8.7,Windy
243,2025-10-06,MH,Malaysia Airlines,Malaysia,MH6475,DEL,CMB,2400,845,903.0,18.0,1400.0,34.0,297.0,0,0,28.7,2.2,7.8,5.3,Windy
244,2025-12-15,BA,British Airways,United Kingdom,BA4623,CMB,BOM,1530,2000,2044.0,44.0,2350.0,39.0,186.0,0,0,23.2,0.0,24.0,5.0,Clear
245,2025-10-27,EK,Emirates,United Arab Emirates,EK2621,CMB,KUL,2450,0,5.0,5.0,511.0,19.0,306.0,0,0,28.0,0.0,34.9,4.4,Clear
246,2025-12-26,EK,Emirates,United Arab Emirates,EK4928,CMB,DEL,2400,740,1006.0,146.0,1522.0,158.0,316.0,0,0,25.8,0.0,32.0,6.6,Clear
247,2025-10-05,MH,Malaysia Airlines,Malaysia,MH8389,CMB,SIN,2750,540,544.0,4.0,1149.0,4.0,365.0,0,0,25.3,8.9,21.2,8.7,Rain
248,2025-07-14,QR,Qatar Airways,Qatar,QR1192,CMB,DXB,3290,1120,1120.0,-8.0,1835.0,5.0,435.0,0,0,23.2,0.0,17.3,4.6,Clear
249,2025-01-23,QR,Qatar Airways,Qatar,QR3519,DEL,CMB,2400,610,610.0,-7.0,1057.0,-14.0,287.0,0,0,19.1,0.5,23.2,9.6,Cloudy
250,2025-12-02,MH,Malaysia Airlines,Malaysia,MH3884,CMB,DOH,3590,2000,2003.0,3.0,346.0,21.0,463.0,0,0,33.4,2.5,33.3,4.6,Rain
251,2025-09-30,TK,Turkish Airlines,Türkiye,TK6679,CMB,SIN,2750,1620,1620.0,-5.0,2201.0,4.0,341.0,0,0,20.7,0.0,31.5,5.1,Clear
252,2025-09-16,AI,Air India,India,AI4262,DEL,CMB,2400,1950,2021.0,31.0,140.0,40.0,319.0,0,0,21.4,0.0,21.9,8.6,Clear
253,2025-07-04,MH,Malaysia Airlines,Malaysia,MH9171,DXB,LHR,5500,0,202.0,122.0,1340.0,114.0,698.0,0,0,29.0,0.0,29.7,5.7,Clear
254,2025-09-19,QR,Qatar Airways,Qatar,QR8099,DOH,CMB,3590,1440,1440.0,-2.0,2156.0,1.0,436.0,0,0,23.2,0.0,7.3,6.9,Clear
255,2025-12-20,EK,Emirates,United Arab Emirates,EK6366,LHR,CMB,8700,2345,2345.0,-9.0,1740.0,7.0,1075.0,0,0,32.9,0.0,30.5,7.8,Clear
256,2025-01-28,BA,British Airways,United Kingdom,BA1452,DOH,LHR,5200,1015,1015.0,-3.0,2052.0,-7.0,637.0,0,0,24.3,0.0,13.7,4.8,Clear
257,2025-09-01,SL,SriLankan Airlines,Sri Lanka,SL4462,LHR,DOH,5200,810,813.0,3.0,1913.0,19.0,660.0,0,0,26.4,0.2,34.9,5.5,Cloudy
258,2025-08-09,AI,Air India,India,AI3925,CMB,DOH,3590,2145,2146.0,1.0,507.0,-1.0,441.0,0,0,20.3,0.0,18.3,4.3,Clear
259,2025-04-13,AI,Air India,India,AI8673,CMB,DEL,2400,300,309.0,9.0,759.0,5.0,290.0,0,0,26.6,0.0,11.3,5.2,Clear
260,2025-05-13,MH,Malaysia Airlines,Malaysia,MH1867,CMB,DEL,2400,1200,1200.0,-9.0,1646.0,-8.0,286.0,0,0,32.6,0.0,24.9,6.2,Clear
261,2025-01-10,BA,British Airways,United Kingdom,BA2672,CMB,KUL,2450,1210,1252.0,42.0,1757.0,53.0,305.0,0,0,23.3,0.5,20.9,6.4,Cloudy
262,2025-01-10,AI,Air India,India,AI2348,BOM,CMB,1530,2030,2036.0,6.0,2354.0,6.0,198.0,0,0,20.4,12.6,13.4,9.4,Rain
263,2025-02-14,TK,Turkish Airlines,Türkiye,TK8682,DOH,LHR,5200,2020,2028.0,8.0,742.0,4.0,674.0,0,0,21.2,0.4,25.5,4.8,Cloudy
264,2025-03-11,TK,Turkish Airlines,Türkiye,TK4585,CMB,DEL,2400,540,547.0,7.0,1108.0,22.0,321.0,0,0,25.1,12.0,17.3,9.6,Rain
265,2025-03-19,SQ,Singapore Airlines,Singapore,SQ6226,DOH,CMB,3590,500,528.0,28.0,1250.0,39.0,442.0,0,0,27.7,0.0,20.1,8.3,Clear
266,2025-04-05,TK,Turkish Airlines,Türkiye,TK8127,LHR,DXB,5500,415,415.0,-9.0,1558.0,-4.0,703.0,0,0,32.8,0.0,7.0,9.9,Clear
267,2025-12-19,AI,Air India,India,AI794,DXB,LHR,5500,1345,1420.0,35.0,148.0,50.0,688.0,0,0,25.2,8.8,20.6,9.0,Rain
268,2025-05-06,TK,Turkish Airlines,Türkiye,TK1581,DXB,CMB,3290,1200,1204.0,4.0,1915.0,8.0,431.0,0,0,25.4,0.0,32.1,7.9,Clear
269,2025-09-14,EK,Emirates,United Arab Emirates,EK2786,DEL,CMB,2400,2215,,,,,,1,0,28.4,0.9,14.7,8.3,Cloudy
270,2025-03-05,EK,Emirates,United Arab Emirates,EK2469,DOH,CMB,3590,2040,2042.0,2.0,424.0,17.0,462.0,0,0,28.6,24.9,22.0,4.9,Thunderstorm
271,2025-04-02,SL,SriLankan Airlines,Sri Lanka,SL3653,KUL,CMB,2450,950,950.0,-5.0,1500.0,-10.0,310.0,0,0,27.7,0.0,29.2,7.0,Clear
272,2025-10-29,MH,Malaysia Airlines,Malaysia,MH9571,DXB,LHR,5500,1410,1410.0,-10.0,149.0,-11.0,699.0,0,0,20.3,0.8,15.5,4.2,Cloudy
273,2025-11-05,BA,British Airways,United Kingdom,BA5003,CMB,BOM,1530,110,110.0,-5.0,411.0,-8.0,181.0,0,0,32.9,0.6,22.4,4.6,Cloudy
274,2025-06-15,AI,Air India,India,AI8024,CMB,KUL,2450,1310,1310.0,-6.0,1805.0,-11.0,295.0,0,0,28.1,0.5,26.9,9.9,Cloudy
275,2025-12-19,BA,British Airways,United Kingdom,BA2036,KUL,CMB,2450,1030,1039.0,9.0,1608.0,12.0,329.0,0,0,22.6,0.7,12.0,5.2,Cloudy
276,2025-01-13,MH,Malaysia Airlines,Malaysia,MH5560,DOH,CMB,3590,1945,1945.0,0.0,312.0,3.0,447.0,0,0,23.2,0.0,20.2,4.0,Clear
277,2025-06-24,TK,Turkish Airlines,Türkiye,TK8637,CMB,DXB,3290,640,721.0,41.0,1408.0,48.0,407.0,0,0,24.6,0.6,28.5,8.5,Cloudy
278,2025-06-03,AI,Air India,India,AI3170,LHR,DOH,5200,20,20.0,0.0,1129.0,17.0,669.0,0,0,20.7,0.0,21.0,7.6,Clear
279,2025-11-01,EK,Emirates,United Arab Emirates,EK8390,LHR,CMB,8700,2200,2200.0,-8.0,1613.0,-1.0,1093.0,0,0,21.2,8.8,6.1,4.6,Rain
280,2025-01-13,MH,Malaysia Airlines,Malaysia,MH8658,DOH,LHR,5200,640,724.0,44.0,1808.0,45.0,644.0,0,0,25.3,14.2,26.7,8.3,Rain
281,2025-03-01,SL,SriLankan Airlines,Sri Lanka,SL7327,LHR,CMB,8700,2110,2110.0,-9.0,1505.0,-14.0,1075.0,0,0,22.4,0.0,10.8,5.9,Clear
282,2025-12-10,EK,Emirates,United Arab Emirates,EK5649,CMB,LHR,8700,530,539.0,9.0,2341.0,18.0,1082.0,0,0,19.1,0.0,12.3,7.7,Clear
283,2025-10-04,MH,Malaysia Airlines,Malaysia,MH3346,DXB,CMB,3290,50,104.0,14.0,748.0,9.0,404.0,0,0,23.7,0.0,18.4,6.0,Clear
284,2025-12-10,EK,Emirates,United Arab Emirates,EK5512,DXB,LHR,5500,410,450.0,40.0,1639.0,35.0,709.0,0,0,32.6,5.0,23.5,6.4,Rain
285,2025-06-16,MH,Malaysia Airlines,Malaysia,MH5049,LHR,DXB,5500,250,255.0,5.0,1409.0,11.0,674.0,0,0,26.9,0.0,8.2,4.4,Clear
286,2025-09-30,MH,Malaysia Airlines,Malaysia,MH1376,CMB,KUL,2450,1320,1327.0,7.0,1855.0,4.0,328.0,0,0,26.7,0.0,28.6,5.4,Clear
287,2025-12-31,MH,Malaysia Airlines,Malaysia,MH3665,DOH,CMB,3590,1950,1950.0,-7.0,341.0,11.0,471.0,0,0,28.3,0.0,14.8,4.4,Clear
288,2025-03-13,SL,SriLankan Airlines,Sri Lanka,SL1562,CMB,DEL,2400,1430,1438.0,8.0,1932.0,14.0,294.0,0,0,33.7,0.0,18.0,6.1,Clear
289,2025-10-26,SL,SriLankan Airlines,Sri Lanka,SL6371,DOH,LHR,5200,430,,,,,,1,0,27.4,1.0,18.0,7.8,Cloudy
290,2025-07-27,TK,Turkish Airlines,Türkiye,TK8074,KUL,CMB,2450,615,615.0,-4.0,1140.0,5.0,325.0,0,0,18.3,15.0,7.2,8.3,Rain
291,2025-12-03,TK,Turkish Airlines,Türkiye,TK8320,CMB,DEL,2400,445,523.0,38.0,1013.0,49.0,290.0,0,0,31.5,0.5,22.3,5.4,Cloudy
292,2025-05-18,TK,Turkish Airlines,Türkiye,TK1381,LHR,DOH,5200,1100,1258.0,118.0,9.0,125.0,671.0,0,0,30.5,0.7,34.5,6.8,Cloudy
293,2025-09-25,EK,Emirates,United Arab Emirates,EK4927,SIN,CMB,2750,2010,2017.0,7.0,216.0,24.0,359.0,0,0,23.3,18.0,22.2,6.1,Thunderstorm
294,2025-05-29,QR,Qatar Airways,Qatar,QR4652,DXB,CMB,3290,2330,2357.0,27.0,711.0,20.0,434.0,0,0,20.0,0.7,19.5,4.5,Cloudy
295,2025-05-10,QR,Qatar Airways,Qatar,QR2476,CMB,LHR,8700,800,822.0,22.0,232.0,32.0,1090.0,0,0,18.5,0.0,20.8,9.9,Clear
296,2025-11-01,QR,Qatar Airways,Qatar,QR8824,LHR,DXB,5500,1220,1230.0,10.0,9.0,7.0,699.0,0,0,22.8,0.0,17.0,8.5,Clear
297,2025-04-30,TK,Turkish Airlines,Türkiye,TK4566,CMB,KUL,2450,815,818.0,3.0,1339.0,-5.0,321.0,0,0,23.7,0.0,20.9,9.1,Clear
298,2025-06-21,BA,British Airways,United Kingdom,BA8705,CMB,LHR,8700,845,845.0,-3.0,244.0,12.0,1079.0,0,0,19.1,0.7,5.3,6.5,Cloudy
299,2025-02-23,MH,Malaysia Airlines,Malaysia,MH6259,BOM,CMB,1530,2330,2330.0,-9.0,240.0,-17.0,190.0,0,0,19.4,0.9,33.7,7.6,Cloudy
300,2025-12-03,QR,Qatar Airways,Qatar,QR6466,DOH,CMB,3590,830,830.0,-8.0,1555.0,4.0,445.0,0,0,22.4,10.7,28.4,4.4,Rain
301,2025-06-20,SL,SriLankan Airlines,Sri Lanka,SL1253,CMB,LHR,8700,550,550.0,-4.0,2359.0,7.0,1089.0,0,0,22.1,0.0,18.2,4.2,Clear
302,2025-10-20,BA,British Airways,United Kingdom,BA1248,DXB,LHR,5500,1515,1515.0,-10.0,229.0,-17.0,674.0,0,0,25.0,9.5,19.7,9.1,Rain
303,2025-10-04,SQ,Singapore Airlines,Singapore,SQ4850,CMB,DXB,3290,2250,2257.0,7.0,557.0,10.0,420.0,0,0,31.5,0.0,15.2,8.6,Clear
304,2025-11-28,SQ,Singapore Airlines,Singapore,SQ4007,DEL,CMB,2400,145,145.0,-1.0,705.0,13.0,320.0,0,0,18.4,0.5,6.1,10.0,Cloudy
305,2025-09-08,TK,Turkish Airlines,Türkiye,TK2540,CMB,DOH,3590,2030,2034.0,4.0,422.0,-4.0,468.0,0,0,28.8,3.5,18.8,9.2,Rain
306,2025-10-24,SQ,Singapore Airlines,Singapore,SQ9783,CMB,DOH,3590,2315,2315.0,-10.0,631.0,-3.0,436.0,0,0,19.6,0.0,29.6,7.7,Clear
307,2025-02-02,EK,Emirates,United Arab Emirates,EK846,DOH,CMB,3590,1920,1920.0,-4.0,305.0,1.0,465.0,0,0,33.4,3.6,14.6,5.3,Rain
308,2025-10-31,QR,Qatar Airways,Qatar,QR8078,CMB,BOM,1530,330,333.0,3.0,633.0,0.0,180.0,0,0,30.4,0.0,23.4,4.1,Clear
309,2025-02-11,SL,SriLankan Airlines,Sri Lanka,SL1542,CMB,DXB,3290,230,235.0,5.0,922.0,19.0,407.0,0,0,29.5,0.0,22.9,7.7,Clear
310,2025-11-18,BA,British Airways,United Kingdom,BA7872,BOM,CMB,1530,20,26.0,6.0,348.0,1.0,202.0,0,0,19.8,0.6,6.6,4.9,Windy
311,2025-09-12,QR,Qatar Airways,Qatar,QR3955,DEL,CMB,2400,140,143.0,3.0,630.0,3.0,287.0,0,0,25.8,11.6,28.6,4.7,Rain
312,2025-08-16,AI,Air India,India,AI7554,KUL,CMB,2450,2340,2340.0,-7.0,443.0,-5.0,303.0,0,0,25.0,0.0,6.6,5.3,Clear
313,2025-04-02,TK,Turkish Airlines,Türkiye,TK2668,BOM,CMB,1530,1420,1420.0,-2.0,1724.0,-4.0,184.0,0,0,21.5,0.3,27.8,5.8,Cloudy
314,2025-11-23,QR,Qatar Airways,Qatar,QR2540,LHR,DOH,5200,245,327.0,42.0,1416.0,40.0,649.0,0,0,32.3,0.0,22.4,7.6,Clear
315,2025-10-21,SL,SriLankan Airlines,Sri Lanka,SL3671,KUL,CMB,2450,150,233.0,43.0,726.0,36.0,293.0,0,0,29.1,3.3,27.6,6.4,Rain
316,2025-03-09,AI,Air India,India,AI7707,LHR,CMB,8700,2010,2010.0,-1.0,1418.0,-4.0,1088.0,0,0,30.6,7.9,17.2,6.2,Rain
317,2025-12-27,SL,SriLankan Airlines,Sri Lanka,SL6063,CMB,DOH,3590,2240,2240.0,-1.0,618.0,4.0,458.0,0,0,32.9,0.6,15.1,7.1,Cloudy
318,2025-01-27,EK,Emirates,United Arab Emirates,EK3537,CMB,KUL,2450,1400,1400.0,-5.0,1914.0,7.0,314.0,0,0,33.0,14.8,19.4,7.5,Rain
319,2025-04-26,AI,Air India,India,AI1175,BOM,CMB,1530,1645,1645.0,-8.0,1958.0,-5.0,193.0,0,0,27.9,0.1,13.8,8.8,Cloudy
320,2025-04-07,MH,Malaysia Airlines,Malaysia,MH7864,CMB,DOH,3590,1215,1215.0,-8.0,1934.0,-13.0,439.0,0,0,28.9,0.0,17.5,9.6,Clear
321,2025-06-27,TK,Turkish Airlines,Türkiye,TK5082,DXB,LHR,5500,920,920.0,-3.0,2034.0,15.0,674.0,0,0,31.5,0.0,25.9,6.7,Clear
322,2025-10-18,QR,Qatar Airways,Qatar,QR2614,LHR,CMB,8700,820,820.0,-1.0,223.0,15.0,1083.0,0,0,20.8,0.0,10.5,8.2,Clear
323,2025-03-24,SQ,Singapore Airlines,Singapore,SQ8282,DOH,CMB,3590,1015,1016.0,1.0,1732.0,-2.0,436.0,0,0,19.9,1.0,21.0,4.1,Cloudy
324,2025-03-16,MH,Malaysia Airlines,Malaysia,MH7947,CMB,BOM,1530,40,40.0,-1.0,345.0,6.0,185.0,0,0,23.4,10.7,32.7,4.7,Rain
325,2025-01-21,QR,Qatar Airways,Qatar,QR1531,LHR,DOH,5200,900,900.0,-3.0,1942.0,3.0,642.0,0,0,19.3,0.2,10.9,9.1,Cloudy
326,2025-09-20,TK,Turkish Airlines,Türkiye,TK7378,CMB,SIN,2750,1000,1034.0,34.0,1634.0,38.0,360.0,0,0,19.4,0.0,31.2,8.4,Clear
327,2025-08-01,MH,Malaysia Airlines,Malaysia,MH208,LHR,CMB,8700,2345,22.0,37.0,1825.0,33.0,1083.0,0,0,27.5,0.0,33.0,6.3,Clear
328,2025-07-29,BA,British Airways,United Kingdom,BA140,KUL,CMB,2450,1750,1750.0,-6.0,2252.0,-8.0,302.0,0,0,25.4,0.0,21.8,4.2,Cloudy
329,2025-03-20,BA,British Airways,United Kingdom,BA7244,LHR,CMB,8700,2050,2050.0,-1.0,1523.0,4.0,1113.0,0,0,23.8,0.0,23.0,6.9,Cloudy
330,2025-05-13,MH,Malaysia Airlines,Malaysia,MH8777,DOH,CMB,3590,1600,1621.0,21.0,2358.0,31.0,457.0,0,0,23.7,4.1,32.4,5.7,Rain
331,2025-11-24,EK,Emirates,United Arab Emirates,EK2343,DOH,LHR,5200,2015,2036.0,21.0,723.0,30.0,647.0,0,0,23.6,5.5,21.0,4.9,Rain
332,2025-09-23,BA,British Airways,United Kingdom,BA1967,BOM,CMB,1530,1340,1401.0,21.0,1728.0,16.0,207.0,0,0,29.4,9.3,30.4,8.2,Rain
333,2025-08-02,MH,Malaysia Airlines,Malaysia,MH2432,CMB,DOH,3590,400,400.0,-1.0,1121.0,13.0,441.0,0,0,31.0,15.5,5.9,5.3,Thunderstorm
334,2025-12-19,SQ,Singapore Airlines,Singapore,SQ4245,LHR,CMB,8700,615,755.0,100.0,156.0,114.0,1081.0,0,0,27.5,0.0,24.8,6.8,Clear
335,2025-01-23,EK,Emirates,United Arab Emirates,EK4062,LHR,CMB,8700,310,334.0,24.0,2127.0,34.0,1073.0,0,0,20.6,0.0,15.4,7.0,Clear
336,2025-09-16,EK,Emirates,United Arab Emirates,EK1858,DOH,CMB,3590,20,20.0,-1.0,811.0,-4.0,471.0,0,0,27.4,2.1,16.0,6.6,Windy
337,2025-04-03,AI,Air India,India,AI5211,CMB,KUL,2450,620,620.0,0.0,1138.0,-5.0,318.0,0,0,24.2,0.4,19.8,6.7,Cloudy
338,2025-12-18,MH,Malaysia Airlines,Malaysia,MH1492,SIN,CMB,2750,1330,1510.0,100.0,2114.0,98.0,364.0,0,0,24.3,6.8,25.2,7.1,Rain
339,2025-03-03,QR,Qatar Airways,Qatar,QR9826,CMB,KUL,2450,2210,2231.0,21.0,347.0,15.0,316.0,0,0,30.2,0.0,20.0,8.6,Clear
340,2025-05-20,TK,Turkish Airlines,Türkiye,TK538,BOM,CMB,1530,2145,2336.0,111.0,302.0,111.0,206.0,0,0,31.3,0.0,27.1,7.0,Clear
341,2025-04-02,TK,Turkish Airlines,Türkiye,TK7151,CMB,BOM,1530,910,954.0,44.0,1259.0,60.0,185.0,0,0,18.3,0.0,21.2,8.6,Clear
342,2025-03-02,TK,Turkish Airlines,Türkiye,TK9173,DXB,LHR,5500,1250,1250.0,-9.0,23.0,-12.0,693.0,0,0,19.8,0.0,19.6,8.1,Clear
343,2025-12-17,MH,Malaysia Airlines,Malaysia,MH540,LHR,DXB,5500,500,505.0,5.0,1653.0,15.0,708.0,0,0,23.6,0.0,30.1,8.5,Clear
344,2025-11-17,AI,Air India,India,AI712,CMB,KUL,2450,1340,1518.0,98.0,2015.0,101.0,297.0,0,0,20.7,0.0,8.4,7.2,Clear
345,2025-08-24,TK,Turkish Airlines,Türkiye,TK5663,DOH,LHR,5200,800,808.0,8.0,1909.0,0.0,661.0,0,0,26.0,0.0,15.1,8.6,Clear
346,2025-03-27,BA,British Airways,United Kingdom,BA9797,BOM,CMB,1530,650,650.0,-8.0,1013.0,10.0,203.0,0,0,29.5,0.0,33.7,7.5,Clear
347,2025-06-22,BA,British Airways,United Kingdom,BA9071,CMB,DOH,3590,1650,1651.0,1.0,41.0,18.0,470.0,0,0,26.2,0.3,12.5,8.0,Cloudy
348,2025-04-03,SL,SriLankan Airlines,Sri Lanka,SL2565,DOH,LHR,5200,1850,1854.0,4.0,540.0,4.0,646.0,0,0,23.8,0.8,20.7,4.9,Cloudy
349,2025-12-17,BA,British Airways,United Kingdom,BA9272,KUL,CMB,2450,1010,1013.0,3.0,1530.0,3.0,317.0,0,0,31.2,0.0,12.4,6.8,Clear
350,2025-08-12,TK,Turkish Airlines,Türkiye,TK1141,DXB,CMB,3290,530,530.0,-2.0,1218.0,15.0,408.0,0,0,19.3,0.0,30.8,7.6,Clear
351,2025-07-28,AI,Air India,India,AI5234,CMB,DOH,3590,2315,2323.0,8.0,702.0,23.0,459.0,0,0,27.6,0.6,7.7,8.6,Cloudy
352,2025-06-18,TK,Turkish Airlines,Türkiye,TK2474,SIN,CMB,2750,615,615.0,-4.0,1211.0,-4.0,356.0,0,0,28.9,0.5,17.7,9.8,Cloudy
353,2025-07-05,MH,Malaysia Airlines,Malaysia,MH7348,BOM,CMB,1530,0,14.0,14.0,329.0,28.0,195.0,0,0,26.6,0.0,25.6,5.4,Clear
354,2025-07-18,SL,SriLankan Airlines,Sri Lanka,SL8155,CMB,KUL,2450,910,936.0,26.0,1443.0,27.0,307.0,0,0,31.9,24.9,6.0,8.9,Thunderstorm
355,2025-08-30,TK,Turkish Airlines,Türkiye,TK2329,CMB,BOM,1530,315,321.0,6.0,644.0,0.0,203.0,0,0,28.1,7.9,24.2,8.7,Rain
356,2025-01-02,TK,Turkish Airlines,Türkiye,TK2287,CMB,SIN,2750,940,940.0,-7.0,1549.0,-10.0,369.0,0,0,25.2,3.7,33.2,9.2,Rain
357,2025-05-14,QR,Qatar Airways,Qatar,QR3348,CMB,BOM,1530,610,610.0,-5.0,924.0,-1.0,194.0,0,0,32.5,28.3,23.8,9.8,Thunderstorm
358,2025-05-15,QR,Qatar Airways,Qatar,QR3428,DXB,CMB,3290,1945,1945.0,-6.0,246.0,-12.0,421.0,0,0,25.9,0.0,29.8,5.3,Cloudy
359,2025-04-08,BA,British Airways,United Kingdom,BA4168,LHR,CMB,8700,1215,1215.0,-4.0,639.0,7.0,1104.0,0,0,21.8,4.3,34.3,6.7,Rain
360,2025-07-09,MH,Malaysia Airlines,Malaysia,MH9901,CMB,DOH,3590,1515,1551.0,36.0,2305.0,49.0,434.0,0,0,25.5,0.0,32.9,6.1,Clear
361,2025-12-30,SL,SriLankan Airlines,Sri Lanka,SL8790,CMB,DXB,3290,1645,1647.0,2.0,2339.0,15.0,412.0,0,0,20.1,0.6,31.3,5.9,Cloudy
362,2025-08-10,QR,Qatar Airways,Qatar,QR8149,CMB,LHR,8700,1000,1149.0,109.0,549.0,127.0,1080.0,0,0,25.0,0.0,20.5,5.0,Clear
363,2025-03-19,MH,Malaysia Airlines,Malaysia,MH2525,DXB,CMB,3290,400,400.0,-9.0,1048.0,-2.0,408.0,0,0,25.8,0.0,26.3,7.0,Clear
364,2025-03-05,AI,Air India,India,AI1645,CMB,DOH,3590,915,958.0,43.0,1725.0,61.0,447.0,0,0,19.2,0.6,17.5,8.6,Cloudy
365,2025-06-18,SL,SriLankan Airlines,Sri Lanka,SL7523,LHR,CMB,8700,1240,1240.0,-7.0,640.0,11.0,1080.0,0,0,23.3,0.7,24.7,4.3,Cloudy
366,2025-06-16,QR,Qatar Airways,Qatar,QR6692,CMB,SIN,2750,2030,2030.0,-9.0,202.0,6.0,332.0,0,0,31.6,0.0,7.7,5.0,Clear
367,2025-05-26,QR,Qatar Airways,Qatar,QR7022,DOH,CMB,3590,1545,1615.0,30.0,2348.0,43.0,453.0,0,0,27.6,0.0,13.1,4.5,Clear
368,2025-07-08,QR,Qatar Airways,Qatar,QR5021,KUL,CMB,2450,1310,1310.0,0.0,1841.0,6.0,331.0,0,0,19.3,8.9,19.0,8.8,Rain
369,2025-03-18,QR,Qatar Airways,Qatar,QR8348,LHR,CMB,8700,1645,1645.0,-9.0,1053.0,0.0,1088.0,0,0,22.1,0.0,12.6,4.5,Clear
370,2025-01-09,EK,Emirates,United Arab Emirates,EK9996,DXB,LHR,5500,545,548.0,3.0,1712.0,17.0,684.0,0,0,21.0,0.7,31.1,5.1,Cloudy
371,2025-05-13,EK,Emirates,United Arab Emirates,EK6571,KUL,CMB,2450,0,0.0,-10.0,525.0,-13.0,325.0,0,0,27.9,0.0,29.4,8.1,Clear
372,2025-06-04,EK,Emirates,United Arab Emirates,EK7692,CMB,DEL,2400,20,20.0,-10.0,513.0,4.0,293.0,0,0,21.1,0.0,28.7,5.8,Clear
373,2025-03-17,MH,Malaysia Airlines,Malaysia,MH6910,KUL,CMB,2450,315,354.0,39.0,846.0,46.0,292.0,0,0,28.1,0.2,5.2,8.3,Cloudy
374,2025-09-11,BA,British Airways,United Kingdom,BA2015,DXB,CMB,3290,1250,1259.0,9.0,2006.0,22.0,427.0,0,0,28.4,0.0,13.0,9.3,Clear
375,2025-09-11,AI,Air India,India,AI6495,DXB,LHR,5500,15,15.0,-4.0,1155.0,3.0,700.0,0,0,20.1,0.0,24.7,5.8,Clear
376,2025-08-02,AI,Air India,India,AI5978,LHR,DXB,5500,1920,1920.0,-8.0,643.0,5.0,683.0,0,0,26.9,0.0,12.0,10.0,Clear
377,2025-05-14,AI,Air India,India,AI8544,DEL,CMB,2400,1600,1632.0,32.0,2128.0,37.0,296.0,0,0,26.9,0.5,28.1,9.4,Cloudy
378,2025-11-06,EK,Emirates,United Arab Emirates,EK7333,DXB,CMB,3290,1410,1636.0,146.0,2340.0,157.0,424.0,0,0,23.8,0.0,11.2,8.4,Clear
379,2025-09-17,MH,Malaysia Airlines,Malaysia,MH6899,DOH,CMB,3590,2040,2040.0,-6.0,403.0,-11.0,443.0,0,0,19.4,0.0,20.2,6.2,Clear
380,2025-07-04,SQ,Singapore Airlines,Singapore,SQ1240,CMB,DEL,2400,1320,1323.0,3.0,1841.0,8.0,318.0,0,0,29.5,1.3,28.1,7.1,Windy
381,2025-02-13,AI,Air India,India,AI9170,CMB,BOM,1530,545,545.0,-9.0,906.0,4.0,201.0,0,0,24.7,1.0,34.2,9.3,Cloudy
382,2025-06-05,AI,Air India,India,AI705,BOM,CMB,1530,815,819.0,4.0,1115.0,16.0,176.0,0,0,21.2,11.1,17.1,5.8,Rain
383,2025-10-03,AI,Air India,India,AI8378,CMB,KUL,2450,1630,1636.0,6.0,2135.0,15.0,299.0,0,0,22.9,0.0,30.0,6.5,Cloudy
384,2025-02-26,SL,SriLankan Airlines,Sri Lanka,SL9857,BOM,CMB,1530,2040,2050.0,10.0,2.0,5.0,192.0,0,0,33.0,0.0,26.4,8.0,Clear
385,2025-04-30,AI,Air India,India,AI2230,LHR,CMB,8700,2115,2121.0,6.0,1532.0,21.0,1091.0,0,0,19.3,0.8,29.9,4.4,Cloudy
386,2025-09-01,SQ,Singapore Airlines,Singapore,SQ2182,DXB,LHR,5500,1145,1151.0,6.0,2308.0,22.0,677.0,0,0,31.2,0.4,34.2,4.9,Cloudy
387,2025-09-06,MH,Malaysia Airlines,Malaysia,MH2029,CMB,DEL,2400,1610,1614.0,4.0,2131.0,11.0,317.0,0,0,22.6,0.9,16.1,7.1,Cloudy
388,2025-07-10,BA,British Airways,United Kingdom,BA832,BOM,CMB,1530,950,950.0,-6.0,1305.0,-10.0,195.0,0,0,26.8,12.0,5.1,4.4,Thunderstorm
389,2025-08-02,MH,Malaysia Airlines,Malaysia,MH6811,LHR,CMB,8700,1440,1521.0,41.0,950.0,59.0,1109.0,0,0,23.2,8.0,31.0,8.8,Rain
390,2025-07-18,SQ,Singapore Airlines,Singapore,SQ8977,CMB,KUL,2450,1700,1842.0,102.0,2354.0,117.0,312.0,0,0,28.3,0.0,24.4,4.5,Clear
391,2025-10-23,SL,SriLankan Airlines,Sri Lanka,SL8152,DOH,LHR,5200,1500,1507.0,7.0,154.0,4.0,647.0,0,0,23.1,0.0,21.0,7.5,Clear
392,2025-01-12,AI,Air India,India,AI5429,KUL,CMB,2450,1300,1331.0,31.0,1833.0,35.0,302.0,0,0,24.5,0.0,14.2,5.0,Clear
393,2025-04-03,SL,SriLankan Airlines,Sri Lanka,SL4512,DXB,CMB,3290,1210,1213.0,3.0,1908.0,5.0,415.0,0,0,26.1,21.1,20.3,9.7,Thunderstorm
394,2025-02-01,AI,Air India,India,AI1474,DXB,LHR,5500,1310,1313.0,3.0,101.0,15.0,708.0,0,0,22.9,0.0,28.6,6.4,Clear
395,2025-11-22,SQ,Singapore Airlines,Singapore,SQ4577,CMB,DEL,2400,1715,1800.0,45.0,2308.0,50.0,308.0,0,0,19.0,0.0,10.0,9.5,Clear
396,2025-11-03,BA,British Airways,United Kingdom,BA8370,CMB,KUL,2450,2020,2026.0,6.0,139.0,7.0,313.0,0,0,22.5,0.3,21.7,6.6,Cloudy
397,2025-06-12,AI,Air India,India,AI9206,CMB,LHR,8700,820,820.0,0.0,241.0,2.0,1101.0,0,0,18.2,0.0,5.1,5.0,Clear
398,2025-12-23,MH,Malaysia Airlines,Malaysia,MH3261,CMB,KUL,2450,210,214.0,4.0,739.0,17.0,325.0,0,0,20.0,0.0,34.5,6.2,Clear
399,2025-08-16,SL,SriLankan Airlines,Sri Lanka,SL6589,SIN,CMB,2750,840,849.0,9.0,1419.0,21.0,330.0,0,0,21.3,0.0,26.2,5.2,Clear
400,2025-02-26,BA,British Airways,United Kingdom,BA3243,DOH,LHR,5200,520,528.0,8.0,1634.0,21.0,666.0,0,0,26.4,0.0,11.8,8.7,Clear
401,2025-12-14,SL,SriLankan Airlines,Sri Lanka,SL812,LHR,DOH,5200,850,853.0,3.0,2007.0,15.0,674.0,0,0,25.9,13.0,20.5,7.1,Rain
402,2025-04-25,SL,SriLankan Airlines,Sri Lanka,SL1129,CMB,LHR,8700,1750,1752.0,2.0,1211.0,0.0,1099.0,0,0,21.2,4.9,32.5,6.0,Rain
403,2025-11-17,EK,Emirates,United Arab Emirates,EK7284,CMB,DXB,3290,1300,1310.0,10.0,2016.0,12.0,426.0,0,0,19.2,1.0,12.1,7.6,Cloudy
404,2025-02-18,MH,Malaysia Airlines,Malaysia,MH1670,DOH,CMB,3590,100,100.0,-8.0,819.0,9.0,439.0,0,0,22.7,0.0,21.8,6.3,Clear
405,2025-11-13,TK,Turkish Airlines,Türkiye,TK1206,SIN,CMB,2750,2100,2104.0,4.0,311.0,21.0,367.0,0,0,19.7,0.0,22.6,4.1,Clear
406,2025-10-31,SQ,Singapore Airlines,Singapore,SQ8966,CMB,DEL,2400,1630,1635.0,5.0,2200.0,20.0,325.0,0,0,23.7,0.0,24.6,7.5,Clear
407,2025-03-16,QR,Qatar Airways,Qatar,QR1220,LHR,DXB,5500,1940,1940.0,-10.0,712.0,-2.0,692.0,0,0,21.2,0.0,10.9,9.5,Clear
408,2025-06-24,SQ,Singapore Airlines,Singapore,SQ3592,LHR,DXB,5500,1940,2012.0,32.0,754.0,43.0,702.0,0,0,29.1,0.0,24.2,6.8,Clear
409,2025-05-03,MH,Malaysia Airlines,Malaysia,MH3362,CMB,BOM,1530,645,,,,,,1,0,23.8,0.0,32.4,9.9,Clear
410,2025-04-12,BA,British Airways,United Kingdom,BA5098,DEL,CMB,2400,815,822.0,7.0,1321.0,6.0,299.0,0,0,19.8,2.3,28.6,9.6,Rain
411,2025-08-22,SQ,Singapore Airlines,Singapore,SQ4106,BOM,CMB,1530,2115,2343.0,148.0,302.0,159.0,199.0,0,0,24.0,0.0,16.3,7.6,Clear
412,2025-01-24,SQ,Singapore Airlines,Singapore,SQ6458,LHR,DOH,5200,440,450.0,10.0,1543.0,27.0,653.0,0,0,27.8,0.6,28.7,5.0,Cloudy
413,2025-11-27,AI,Air India,India,AI3940,LHR,DXB,5500,1415,1416.0,1.0,202.0,9.0,706.0,0,0,21.5,0.3,6.1,5.2,Cloudy
414,2025-07-22,SQ,Singapore Airlines,Singapore,SQ6800,LHR,CMB,8700,1215,1249.0,34.0,709.0,34.0,1100.0,0,0,24.8,0.0,23.6,6.8,Clear
415,2025-07-08,MH,Malaysia Airlines,Malaysia,MH727,CMB,BOM,1530,1200,1200.0,-3.0,1513.0,-3.0,193.0,0,0,19.6,0.0,32.8,4.4,Clear
416,2025-10-07,SQ,Singapore Airlines,Singapore,SQ6716,CMB,BOM,1530,2140,2140.0,-2.0,48.0,-4.0,188.0,0,0,31.2,0.0,14.0,8.7,Windy
417,2025-07-27,SL,SriLankan Airlines,Sri Lanka,SL6943,LHR,DXB,5500,445,445.0,-4.0,1630.0,3.0,705.0,0,0,24.9,0.5,30.4,9.7,Cloudy
418,2025-04-18,MH,Malaysia Airlines,Malaysia,MH5442,DXB,LHR,5500,40,40.0,-6.0,1228.0,-5.0,708.0,0,1,30.5,6.4,17.1,7.2,Rain
419,2025-10-28,SL,SriLankan Airlines,Sri Lanka,SL5091,DXB,CMB,3290,440,449.0,9.0,1133.0,20.0,404.0,0,0,33.4,0.0,14.9,7.8,Clear
420,2025-02-17,QR,Qatar Airways,Qatar,QR6831,DOH,CMB,3590,500,542.0,42.0,1331.0,34.0,469.0,0,0,26.3,0.2,6.7,5.0,Windy
421,2025-07-20,QR,Qatar Airways,Qatar,QR8332,DOH,CMB,3590,1745,1745.0,-8.0,107.0,-4.0,442.0,0,0,33.0,0.0,23.1,7.5,Clear
422,2025-12-17,MH,Malaysia Airlines,Malaysia,MH4973,CMB,LHR,8700,15,17.0,2.0,1822.0,13.0,1085.0,0,0,32.1,20.7,13.6,6.7,Thunderstorm
423,2025-07-20,QR,Qatar Airways,Qatar,QR3659,KUL,CMB,2450,545,545.0,-5.0,1051.0,9.0,306.0,0,0,32.7,14.0,13.8,8.2,Thunderstorm
424,2025-09-10,TK,Turkish Airlines,Türkiye,TK6642,LHR,DOH,5200,1110,1153.0,43.0,2235.0,59.0,642.0,0,0,25.4,0.0,25.3,6.1,Clear
425,2025-04-10,TK,Turkish Airlines,Türkiye,TK395,DXB,CMB,3290,810,810.0,-6.0,1446.0,-4.0,396.0,0,0,22.5,0.1,19.1,5.0,Cloudy
426,2025-11-07,EK,Emirates,United Arab Emirates,EK1784,DEL,CMB,2400,345,345.0,-10.0,848.0,3.0,303.0,0,0,28.2,0.0,6.4,7.1,Clear
427,2025-07-19,BA,British Airways,United Kingdom,BA1682,DXB,LHR,5500,1900,1902.0,2.0,618.0,18.0,676.0,0,0,28.9,8.6,29.6,4.4,Thunderstorm
428,2025-12-07,QR,Qatar Airways,Qatar,QR296,DEL,CMB,2400,1310,1341.0,31.0,1828.0,40.0,287.0,0,0,18.2,13.1,14.7,7.9,Thunderstorm
429,2025-07-19,SQ,Singapore Airlines,Singapore,SQ1652,DXB,LHR,5500,230,231.0,1.0,1358.0,-6.0,687.0,0,0,31.6,0.0,34.7,5.0,Clear
430,2025-11-04,AI,Air India,India,AI2132,CMB,KUL,2450,1015,1015.0,0.0,1514.0,13.0,299.0,0,0,33.8,0.6,22.6,5.4,Cloudy
431,2025-06-08,SQ,Singapore Airlines,Singapore,SQ748,KUL,CMB,2450,1910,1911.0,1.0,17.0,8.0,306.0,0,0,23.3,0.0,27.2,5.7,Clear
432,2025-09-24,TK,Turkish Airlines,Türkiye,TK1158,LHR,CMB,8700,740,740.0,-4.0,134.0,5.0,1074.0,0,0,20.9,2.6,20.6,7.8,Windy
433,2025-09-09,EK,Emirates,United Arab Emirates,EK4179,CMB,SIN,2750,2015,2034.0,19.0,206.0,13.0,332.0,0,0,21.2,8.6,9.9,6.5,Rain
434,2025-06-05,BA,British Airways,United Kingdom,BA6349,DXB,LHR,5500,630,711.0,41.0,1904.0,35.0,713.0,0,0,33.3,0.0,9.7,6.9,Clear
435,2025-08-07,EK,Emirates,United Arab Emirates,EK8303,LHR,CMB,8700,1715,1715.0,-5.0,1146.0,-5.0,1111.0,0,0,32.7,0.0,10.9,4.0,Clear
436,2025-07-11,MH,Malaysia Airlines,Malaysia,MH5811,CMB,KUL,2450,1240,1240.0,-1.0,1757.0,11.0,317.0,0,0,33.3,28.5,27.9,8.6,Thunderstorm
437,2025-09-18,MH,Malaysia Airlines,Malaysia,MH4153,BOM,CMB,1530,2045,2111.0,26.0,10.0,25.0,179.0,0,0,33.1,0.0,23.2,4.9,Clear
438,2025-11-05,QR,Qatar Airways,Qatar,QR6843,CMB,DXB,3290,245,253.0,8.0,936.0,2.0,403.0,0,0,24.1,0.0,24.8,5.8,Clear
439,2025-02-15,EK,Emirates,United Arab Emirates,EK6238,BOM,CMB,1530,820,856.0,36.0,1201.0,50.0,185.0,0,0,29.7,2.9,24.6,5.0,Rain
440,2025-04-06,QR,Qatar Airways,Qatar,QR1407,CMB,SIN,2750,510,510.0,-4.0,1110.0,-7.0,360.0,0,0,19.7,14.8,32.4,7.8,Rain
441,2025-05-31,EK,Emirates,United Arab Emirates,EK218,CMB,KUL,2450,810,818.0,8.0,1316.0,7.0,298.0,0,0,19.5,0.0,34.6,7.1,Clear
442,2025-07-12,BA,British Airways,United Kingdom,BA2375,LHR,DXB,5500,1045,1045.0,0.0,2228.0,2.0,703.0,0,0,25.3,0.4,8.0,8.2,Cloudy
443,2025-01-14,EK,Emirates,United Arab Emirates,EK5433,DOH,LHR,5200,2220,2229.0,9.0,921.0,22.0,652.0,0,0,23.8,0.0,5.5,4.3,Clear
444,2025-12-14,MH,Malaysia Airlines,Malaysia,MH8620,SIN,CMB,2750,1545,1601.0,16.0,2208.0,19.0,367.0,0,0,21.1,27.9,13.8,4.9,Thunderstorm
445,2025-10-20,SL,SriLankan Airlines,Sri Lanka,SL578,CMB,DEL,2400,230,310.0,40.0,826.0,37.0,316.0,0,0,19.7,0.5,26.0,10.0,Cloudy
446,2025-03-24,AI,Air India,India,AI6276,CMB,KUL,2450,730,730.0,-7.0,1238.0,6.0,308.0,0,0,27.6,11.0,28.0,7.9,Rain
447,2025-07-15,TK,Turkish Airlines,Türkiye,TK9767,SIN,CMB,2750,810,810.0,-7.0,1353.0,-13.0,343.0,0,0,29.8,0.0,16.4,5.9,Clear
448,2025-10-02,SQ,Singapore Airlines,Singapore,SQ2515,CMB,KUL,2450,1040,1059.0,19.0,1617.0,27.0,318.0,0,0,21.5,0.0,13.9,8.1,Clear
449,2025-11-04,BA,British Airways,United Kingdom,BA3550,CMB,DEL,2400,1940,1940.0,-7.0,27.0,-7.0,287.0,0,0,23.3,0.8,34.4,9.0,Cloudy
450,2025-04-26,SL,SriLankan Airlines,Sri Lanka,SL9078,DEL,CMB,2400,2345,2345.0,-5.0,501.0,-13.0,316.0,0,0,29.1,1.0,13.5,5.2,Cloudy
451,2025-07-21,EK,Emirates,United Arab Emirates,EK9531,CMB,DEL,2400,1800,1830.0,30.0,2335.0,36.0,305.0,0,0,28.4,0.0,10.9,6.2,Clear
452,2025-02-22,QR,Qatar Airways,Qatar,QR4046,CMB,KUL,2450,2115,2132.0,17.0,250.0,20.0,318.0,0,0,24.5,0.0,23.8,4.2,Clear
453,2025-07-23,MH,Malaysia Airlines,Malaysia,MH3785,LHR,CMB,8700,545,601.0,16.0,32.0,32.0,1111.0,0,0,28.3,0.0,8.7,9.5,Clear
454,2025-01-12,MH,Malaysia Airlines,Malaysia,MH8888,CMB,LHR,8700,1815,1825.0,10.0,1224.0,24.0,1079.0,0,0,18.3,0.0,29.4,7.3,Clear
455,2025-09-29,MH,Malaysia Airlines,Malaysia,MH9315,CMB,DOH,3590,1810,1834.0,24.0,221.0,37.0,467.0,0,0,21.3,0.2,8.9,5.0,Cloudy
456,2025-05-12,SL,SriLankan Airlines,Sri Lanka,SL5227,CMB,DOH,3590,1630,1637.0,7.0,2358.0,4.0,441.0,0,0,25.1,0.0,24.8,7.5,Clear
457,2025-09-25,AI,Air India,India,AI9108,LHR,DOH,5200,610,610.0,-9.0,1717.0,-10.0,667.0,0,0,29.7,3.7,13.3,6.5,Rain
458,2025-05-11,BA,British Airways,United Kingdom,BA8479,CMB,KUL,2450,1250,1250.0,-2.0,1751.0,11.0,301.0,0,0,24.0,0.1,10.8,7.9,Cloudy
459,2025-11-06,QR,Qatar Airways,Qatar,QR3798,KUL,CMB,2450,1045,1054.0,9.0,1554.0,8.0,300.0,0,0,22.4,0.0,15.0,9.2,Clear
460,2025-05-21,SL,SriLankan Airlines,Sri Lanka,SL885,DOH,CMB,3590,745,1011.0,146.0,1749.0,141.0,458.0,0,0,26.8,0.0,31.0,7.6,Clear
461,2025-03-29,AI,Air India,India,AI4181,CMB,KUL,2450,1145,,,,,,1,0,29.6,0.2,6.6,9.8,Cloudy
462,2025-12-14,TK,Turkish Airlines,Türkiye,TK1576,DXB,LHR,5500,1440,1523.0,43.0,247.0,44.0,684.0,0,0,24.5,14.7,33.4,5.9,Thunderstorm
463,2025-11-21,EK,Emirates,United Arab Emirates,EK8822,CMB,DOH,3590,215,215.0,-8.0,944.0,7.0,449.0,0,0,26.0,14.3,9.1,8.1,Rain
464,2025-12-24,EK,Emirates,United Arab Emirates,EK7450,CMB,KUL,2450,1920,1931.0,11.0,22.0,25.0,291.0,0,0,28.9,0.0,33.3,4.3,Clear
465,2025-03-28,SQ,Singapore Airlines,Singapore,SQ4437,DEL,CMB,2400,1115,1115.0,-9.0,1604.0,-4.0,289.0,0,0,22.6,2.6,30.7,6.9,Windy
466,2025-04-20,SL,SriLankan Airlines,Sri Lanka,SL1488,CMB,KUL,2450,900,942.0,42.0,1446.0,35.0,304.0,0,0,19.6,0.0,15.6,7.0,Clear
467,2025-09-28,QR,Qatar Airways,Qatar,QR7210,KUL,CMB,2450,1500,1500.0,-2.0,1958.0,-3.0,298.0,0,0,25.0,0.0,24.7,4.8,Clear
468,2025-01-03,AI,Air India,India,AI2187,CMB,SIN,2750,630,632.0,2.0,1208.0,7.0,336.0,0,0,26.8,0.0,17.6,8.8,Clear
469,2025-06-16,TK,Turkish Airlines,Türkiye,TK4723,DOH,LHR,5200,410,637.0,147.0,1736.0,139.0,659.0,0,0,18.1,0.0,22.9,6.9,Clear
470,2025-09-06,EK,Emirates,United Arab Emirates,EK3068,KUL,CMB,2450,1915,1937.0,22.0,43.0,21.0,306.0,0,0,19.6,0.0,28.5,8.4,Clear
471,2025-04-07,QR,Qatar Airways,Qatar,QR8453,SIN,CMB,2750,445,445.0,-4.0,1021.0,-8.0,336.0,0,0,23.4,0.0,11.9,6.9,Clear
472,2025-08-07,SL,SriLankan Airlines,Sri Lanka,SL3128,LHR,CMB,8700,840,841.0,1.0,241.0,15.0,1080.0,0,0,32.5,0.0,19.2,4.6,Clear
473,2025-05-10,MH,Malaysia Airlines,Malaysia,MH6392,BOM,CMB,1530,910,910.0,-10.0,1227.0,3.0,197.0,0,0,28.4,0.0,16.1,5.3,Clear
474,2025-02-14,EK,Emirates,United Arab Emirates,EK817,CMB,DEL,2400,2310,2320.0,10.0,445.0,28.0,325.0,0,0,21.2,15.5,34.7,8.3,Thunderstorm
475,2025-03-07,SQ,Singapore Airlines,Singapore,SQ2212,KUL,CMB,2450,2230,2303.0,33.0,429.0,36.0,326.0,0,0,27.6,28.5,5.7,8.2,Thunderstorm
476,2025-05-29,SL,SriLankan Airlines,Sri Lanka,SL245,DXB,CMB,3290,2345,2352.0,7.0,640.0,15.0,408.0,0,0,20.6,12.1,10.5,5.3,Rain
477,2025-09-20,MH,Malaysia Airlines,Malaysia,MH944,DOH,LHR,5200,830,859.0,29.0,2007.0,43.0,668.0,0,0,20.1,0.0,13.3,9.2,Clear
478,2025-11-25,SQ,Singapore Airlines,Singapore,SQ270,CMB,SIN,2750,300,310.0,10.0,913.0,21.0,363.0,0,0,33.8,10.9,13.8,7.8,Thunderstorm
479,2025-07-02,SQ,Singapore Airlines,Singapore,SQ6579,CMB,LHR,8700,800,808.0,8.0,212.0,3.0,1084.0,0,0,23.2,21.3,18.3,5.2,Thunderstorm
480,2025-03-21,MH,Malaysia Airlines,Malaysia,MH6558,SIN,CMB,2750,1115,1131.0,16.0,1727.0,23.0,356.0,0,0,20.6,8.4,5.6,5.1,Rain
481,2025-12-18,SQ,Singapore Airlines,Singapore,SQ816,CMB,DOH,3590,245,255.0,10.0,1018.0,14.0,443.0,0,0,30.2,9.8,29.8,7.9,Rain
482,2025-03-09,SQ,Singapore Airlines,Singapore,SQ2631,CMB,DOH,3590,400,411.0,11.0,1142.0,28.0,451.0,0,0,20.6,0.0,18.3,6.0,Clear
483,2025-05-05,SL,SriLankan Airlines,Sri Lanka,SL6403,LHR,DOH,5200,2010,2010.0,-9.0,702.0,-14.0,652.0,0,0,23.7,12.9,16.6,5.7,Thunderstorm
484,2025-12-18,EK,Emirates,United Arab Emirates,EK7067,LHR,DXB,5500,320,320.0,-1.0,1443.0,2.0,683.0,0,0,23.4,0.0,17.9,5.1,Clear
485,2025-03-18,BA,British Airways,United Kingdom,BA7938,LHR,CMB,8700,330,404.0,34.0,2219.0,34.0,1095.0,0,0,24.2,0.0,14.6,8.3,Clear
486,2025-02-04,EK,Emirates,United Arab Emirates,EK6378,KUL,CMB,2450,410,410.0,-6.0,918.0,-9.0,308.0,0,0,33.1,0.5,9.1,9.5,Cloudy
487,2025-08-03,MH,Malaysia Airlines,Malaysia,MH2288,LHR,DOH,5200,1520,1528.0,8.0,237.0,22.0,669.0,0,0,18.3,0.7,34.8,7.4,Cloudy
488,2025-02-26,SL,SriLankan Airlines,Sri Lanka,SL1836,BOM,CMB,1530,430,437.0,7.0,756.0,12.0,199.0,0,0,33.4,0.0,5.8,6.2,Clear
489,2025-12-06,EK,Emirates,United Arab Emirates,EK5626,LHR,DXB,5500,500,500.0,-6.0,1651.0,-12.0,711.0,0,0,33.2,12.0,20.8,6.8,Rain
490,2025-08-16,SL,SriLankan Airlines,Sri Lanka,SL3824,LHR,CMB,8700,400,413.0,13.0,2213.0,24.0,1080.0,0,0,32.7,0.0,29.9,7.0,Clear
491,2025-08-05,QR,Qatar Airways,Qatar,QR6737,CMB,LHR,8700,1645,1747.0,62.0,1145.0,77.0,1078.0,0,0,25.5,0.0,29.5,5.9,Clear
492,2025-07-14,QR,Qatar Airways,Qatar,QR9138,DXB,CMB,3290,2045,2045.0,-7.0,344.0,-12.0,419.0,0,0,30.1,5.7,22.9,5.9,Rain
493,2025-04-14,SL,SriLankan Airlines,Sri Lanka,SL2222,SIN,CMB,2750,200,205.0,5.0,751.0,-2.0,346.0,0,0,24.3,0.0,14.4,6.1,Clear
494,2025-12-26,EK,Emirates,United Arab Emirates,EK3633,CMB,BOM,1530,2310,2310.0,-6.0,232.0,-14.0,202.0,0,0,19.5,0.9,31.6,8.3,Cloudy
495,2025-12-15,QR,Qatar Airways,Qatar,QR9388,DEL,CMB,2400,1640,1640.0,-6.0,2157.0,-4.0,317.0,0,0,27.7,23.0,34.9,9.7,Thunderstorm
496,2025-11-18,MH,Malaysia Airlines,Malaysia,MH7853,DOH,CMB,3590,430,430.0,-8.0,1144.0,-1.0,434.0,0,0,30.4,16.0,10.4,5.5,Thunderstorm
497,2025-05-12,MH,Malaysia Airlines,Malaysia,MH799,CMB,DEL,2400,1850,1850.0,-1.0,2342.0,3.0,292.0,0,0,24.6,0.4,7.5,6.7,Cloudy
498,2025-11-14,SL,SriLankan Airlines,Sri Lanka,SL1506,SIN,CMB,2750,15,44.0,29.0,648.0,33.0,364.0,0,0,32.4,0.0,24.3,6.8,Clear
499,2025-04-03,EK,Emirates,United Arab Emirates,EK613,CMB,KUL,2450,645,645.0,0.0,1203.0,2.0,318.0,0,0,28.2,5.6,19.1,5.9,Rain
500,2025-11-04,TK,Turkish Airlines,Türkiye,TK8697,DXB,CMB,3290,1350,1350.0,-4.0,2049.0,-12.0,419.0,0,0,29.4,0.0,14.0,9.2,Clear
